样本ID,人群,时期,年龄_年前
0,YRI,现代,0
1,YRI,现代,0
2,YRI,现代,0
3,YRI,现代,0
4,YRI,现代,0
5,YRI,现代,0
6,YRI,现代,0
7,YRI,现代,0
8,YRI,现代,0
9,YRI,现代,0
10,YRI,现代,0
11,YRI,现代,0
12,YRI,现代,0
13,YRI,现代,0
14,YRI,现代,0
15,YRI,现代,0
16,YRI,现代,0
17,YRI,现代,0
18,YRI,现代,0
19,YRI,现代,0
20,YRI,现代,0
21,YRI,现代,0
22,YRI,现代,0
23,YRI,现代,0
24,YRI,现代,0
25,YRI,现代,0
26,YRI,现代,0
27,YRI,现代,0
28,YRI,现代,0
29,YRI,古代_近期,5000
30,YRI,现代,0
31,YRI,现代,0
32,YRI,现代,0
33,YRI,现代,0
34,YRI,现代,0
35,YRI,现代,0
36,YRI,现代,0
37,YRI,现代,0
38,YRI,现代,0
39,YRI,现代,0
40,YRI,现代,0
41,YRI,现代,0
42,YRI,现代,0
43,YRI,现代,0
44,YRI,现代,0
45,YRI,现代,0
46,YRI,现代,0
47,YRI,现代,0
48,YRI,现代,0
49,YRI,现代,0
50,YRI,现代,0
51,YRI,现代,0
52,YRI,现代,0
53,YRI,现代,0
54,YRI,现代,0
55,YRI,现代,0
56,YRI,古代_近期,5000
57,YRI,现代,0
58,YRI,现代,0
59,YRI,现代,0
60,YRI,现代,0
61,YRI,现代,0
62,YRI,现代,0
63,YRI,现代,0
64,YRI,现代,0
65,YRI,古代_近期,5000
66,YRI,现代,0
67,YRI,现代,0
68,YRI,现代,0
69,YRI,古代_近期,5000
70,YRI,古代_近期,5000
71,YRI,现代,0
72,YRI,现代,0
73,YRI,现代,0
74,YRI,现代,0
75,YRI,现代,0
76,YRI,现代,0
77,YRI,现代,0
78,YRI,现代,0
79,YRI,现代,0
80,YRI,现代,0
81,YRI,现代,0
82,YRI,现代,0
83,YRI,现代,0
84,YRI,现代,0
85,YRI,现代,0
86,YRI,现代,0
87,YRI,现代,0
88,YRI,现代,0
89,YRI,现代,0
90,YRI,现代,0
91,YRI,现代,0
92,YRI,现代,0
93,YRI,现代,0
94,YRI,现代,0
95,YRI,现代,0
96,YRI,现代,0
97,YRI,现代,0
98,YRI,现代,0
99,YRI,古代_近期,5000
100,YRI,现代,0
101,YRI,现代,0
102,YRI,现代,0
103,YRI,现代,0
104,YRI,现代,0
105,YRI,现代,0
106,YRI,现代,0
107,YRI,现代,0
108,YRI,现代,0
109,YRI,现代,0
110,YRI,现代,0
111,YRI,古代_近期,5000
112,YRI,现代,0
113,YRI,现代,0
114,YRI,现代,0
115,YRI,现代,0
116,YRI,现代,0
117,YRI,现代,0
118,YRI,现代,0
119,YRI,现代,0
120,YRI,古代_远期,25000
121,YRI,现代,0
122,YRI,现代,0
123,YRI,现代,0
124,YRI,古代_近期,5000
125,YRI,现代,0
126,YRI,现代,0
127,YRI,现代,0
128,YRI,古代_近期,5000
129,YRI,现代,0
130,YRI,现代,0
131,YRI,现代,0
132,YRI,现代,0
133,YRI,现代,0
134,YRI,现代,0
135,YRI,现代,0
136,YRI,现代,0
137,YRI,现代,0
138,YRI,现代,0
139,YRI,现代,0
140,YRI,现代,0
141,YRI,现代,0
142,YRI,现代,0
143,YRI,现代,0
144,YRI,现代,0
145,YRI,现代,0
146,YRI,现代,0
147,YRI,现代,0
148,YRI,现代,0
149,YRI,现代,0
150,YRI,现代,0
151,YRI,现代,0
152,YRI,现代,0
153,YRI,现代,0
154,YRI,现代,0
155,YRI,现代,0
156,YRI,现代,0
157,YRI,现代,0
158,YRI,现代,0
159,YRI,现代,0
160,YRI,现代,0
161,YRI,现代,0
162,YRI,现代,0
163,YRI,现代,0
164,YRI,现代,0
165,YRI,现代,0
166,YRI,现代,0
167,YRI,现代,0
168,YRI,现代,0
169,YRI,现代,0
170,YRI,现代,0
171,YRI,现代,0
172,YRI,现代,0
173,YRI,现代,0
174,YRI,现代,0
175,YRI,现代,0
176,YRI,现代,0
177,YRI,现代,0
178,YRI,现代,0
179,YRI,现代,0
180,YRI,现代,0
181,YRI,现代,0
182,YRI,现代,0
183,YRI,现代,0
184,YRI,现代,0
185,YRI,现代,0
186,YRI,现代,0
187,YRI,现代,0
188,YRI,现代,0
189,YRI,现代,0
190,YRI,现代,0
191,YRI,现代,0
192,YRI,现代,0
193,YRI,现代,0
194,YRI,现代,0
195,YRI,现代,0
196,YRI,现代,0
197,YRI,现代,0
198,YRI,现代,0
199,YRI,现代,0
200,YRI,现代,0
201,YRI,现代,0
202,YRI,现代,0
203,YRI,现代,0
204,YRI,现代,0
205,YRI,现代,0
206,YRI,现代,0
207,YRI,现代,0
208,YRI,现代,0
209,YRI,现代,0
210,YRI,古代_近期,5000
211,YRI,现代,0
212,YRI,古代_近期,5000
213,YRI,现代,0
214,YRI,现代,0
215,YRI,现代,0
216,YRI,现代,0
217,YRI,现代,0
218,YRI,现代,0
219,YRI,现代,0
220,YRI,现代,0
221,YRI,现代,0
222,YRI,现代,0
223,YRI,现代,0
224,YRI,现代,0
225,YRI,现代,0
226,YRI,现代,0
227,YRI,现代,0
228,YRI,现代,0
229,YRI,现代,0
230,YRI,现代,0
231,YRI,现代,0
232,YRI,现代,0
233,YRI,古代_远期,25000
234,YRI,现代,0
235,YRI,现代,0
236,YRI,现代,0
237,YRI,现代,0
238,YRI,现代,0
239,YRI,古代_远期,25000
240,YRI,现代,0
241,YRI,现代,0
242,YRI,现代,0
243,YRI,现代,0
244,YRI,现代,0
245,YRI,现代,0
246,YRI,现代,0
247,YRI,古代_近期,5000
248,YRI,现代,0
249,YRI,现代,0
250,YRI,现代,0
251,YRI,古代_近期,5000
252,YRI,现代,0
253,YRI,现代,0
254,YRI,古代_近期,5000
255,YRI,现代,0
256,YRI,古代_远期,25000
257,YRI,现代,0
258,YRI,现代,0
259,YRI,现代,0
260,YRI,现代,0
261,YRI,现代,0
262,YRI,现代,0
263,YRI,现代,0
264,YRI,现代,0
265,YRI,现代,0
266,YRI,现代,0
267,YRI,现代,0
268,YRI,现代,0
269,YRI,现代,0
270,YRI,现代,0
271,YRI,现代,0
272,YRI,现代,0
273,YRI,现代,0
274,YRI,现代,0
275,YRI,古代_近期,5000
276,YRI,现代,0
277,YRI,现代,0
278,YRI,现代,0
279,YRI,现代,0
280,YRI,现代,0
281,YRI,古代_近期,5000
282,YRI,现代,0
283,YRI,现代,0
284,YRI,现代,0
285,YRI,现代,0
286,YRI,现代,0
287,YRI,现代,0
288,YRI,现代,0
289,YRI,现代,0
290,YRI,现代,0
291,YRI,现代,0
292,YRI,现代,0
293,YRI,现代,0
294,YRI,现代,0
295,YRI,现代,0
296,YRI,现代,0
297,YRI,古代_近期,5000
298,YRI,现代,0
299,YRI,现代,0
300,YRI,现代,0
301,YRI,现代,0
302,YRI,现代,0
303,YRI,现代,0
304,YRI,现代,0
305,YRI,现代,0
306,YRI,古代_远期,25000
307,YRI,现代,0
308,YRI,现代,0
309,YRI,现代,0
310,YRI,现代,0
311,YRI,现代,0
312,YRI,现代,0
313,YRI,现代,0
314,YRI,现代,0
315,YRI,现代,0
316,YRI,现代,0
317,YRI,现代,0
318,YRI,现代,0
319,YRI,现代,0
320,YRI,现代,0
321,YRI,现代,0
322,YRI,现代,0
323,YRI,现代,0
324,YRI,古代_近期,5000
325,YRI,现代,0
326,YRI,现代,0
327,YRI,现代,0
328,YRI,现代,0
329,YRI,现代,0
330,YRI,现代,0
331,YRI,现代,0
332,YRI,现代,0
333,YRI,现代,0
334,YRI,现代,0
335,YRI,现代,0
336,YRI,现代,0
337,YRI,现代,0
338,YRI,现代,0
339,YRI,现代,0
340,YRI,现代,0
341,YRI,现代,0
342,YRI,现代,0
343,YRI,现代,0
344,YRI,现代,0
345,YRI,现代,0
346,YRI,现代,0
347,YRI,现代,0
348,YRI,现代,0
349,YRI,现代,0
350,YRI,现代,0
351,YRI,现代,0
352,YRI,古代_远期,25000
353,YRI,古代_近期,5000
354,YRI,现代,0
355,YRI,现代,0
356,YRI,现代,0
357,YRI,现代,0
358,YRI,现代,0
359,YRI,现代,0
360,YRI,现代,0
361,YRI,古代_近期,5000
362,YRI,现代,0
363,YRI,现代,0
364,YRI,现代,0
365,YRI,现代,0
366,YRI,古代_远期,25000
367,YRI,现代,0
368,YRI,古代_近期,5000
369,YRI,现代,0
370,YRI,现代,0
371,YRI,现代,0
372,YRI,现代,0
373,YRI,现代,0
374,YRI,古代_近期,5000
375,YRI,现代,0
376,YRI,现代,0
377,YRI,现代,0
378,YRI,现代,0
379,YRI,现代,0
380,YRI,现代,0
381,YRI,现代,0
382,YRI,古代_远期,25000
383,YRI,古代_近期,5000
384,YRI,现代,0
385,YRI,现代,0
386,YRI,现代,0
387,YRI,现代,0
388,YRI,现代,0
389,YRI,现代,0
390,YRI,现代,0
391,YRI,现代,0
392,YRI,现代,0
393,YRI,古代_远期,25000
394,YRI,现代,0
395,YRI,现代,0
396,YRI,现代,0
397,YRI,现代,0
398,YRI,现代,0
399,YRI,现代,0
400,YRI,现代,0
401,YRI,现代,0
402,YRI,现代,0
403,YRI,现代,0
404,YRI,现代,0
405,YRI,现代,0
406,YRI,现代,0
407,YRI,现代,0
408,YRI,现代,0
409,YRI,现代,0
410,YRI,现代,0
411,YRI,现代,0
412,YRI,现代,0
413,YRI,现代,0
414,YRI,现代,0
415,YRI,现代,0
416,YRI,现代,0
417,YRI,现代,0
418,YRI,现代,0
419,YRI,现代,0
420,YRI,现代,0
421,YRI,现代,0
422,YRI,现代,0
423,YRI,现代,0
424,YRI,现代,0
425,YRI,现代,0
426,YRI,现代,0
427,YRI,现代,0
428,YRI,现代,0
429,YRI,古代_远期,25000
430,YRI,现代,0
431,YRI,现代,0
432,YRI,现代,0
433,YRI,现代,0
434,YRI,现代,0
435,YRI,现代,0
436,YRI,现代,0
437,YRI,现代,0
438,YRI,现代,0
439,YRI,现代,0
440,YRI,现代,0
441,YRI,现代,0
442,YRI,现代,0
443,YRI,现代,0
444,YRI,现代,0
445,YRI,现代,0
446,YRI,现代,0
447,YRI,现代,0
448,YRI,现代,0
449,YRI,现代,0
450,YRI,古代_近期,5000
451,YRI,现代,0
452,YRI,现代,0
453,YRI,现代,0
454,YRI,现代,0
455,YRI,现代,0
456,YRI,现代,0
457,YRI,现代,0
458,YRI,现代,0
459,YRI,现代,0
460,YRI,现代,0
461,YRI,现代,0
462,YRI,现代,0
463,YRI,现代,0
464,YRI,古代_远期,25000
465,YRI,现代,0
466,YRI,现代,0
467,YRI,现代,0
468,YRI,现代,0
469,YRI,现代,0
470,YRI,现代,0
471,YRI,现代,0
472,YRI,现代,0
473,YRI,现代,0
474,YRI,现代,0
475,YRI,现代,0
476,YRI,现代,0
477,YRI,现代,0
478,YRI,古代_近期,5000
479,YRI,现代,0
480,YRI,现代,0
481,YRI,现代,0
482,YRI,现代,0
483,YRI,现代,0
484,YRI,现代,0
485,YRI,现代,0
486,YRI,现代,0
487,YRI,现代,0
488,YRI,现代,0
489,YRI,现代,0
490,YRI,现代,0
491,YRI,现代,0
492,YRI,现代,0
493,YRI,现代,0
494,YRI,古代_远期,25000
495,YRI,现代,0
496,YRI,现代,0
497,YRI,现代,0
498,YRI,现代,0
499,YRI,现代,0
500,YRI,现代,0
501,YRI,现代,0
502,YRI,现代,0
503,YRI,现代,0
504,YRI,现代,0
505,YRI,现代,0
506,YRI,现代,0
507,YRI,古代_近期,5000
508,YRI,现代,0
509,YRI,现代,0
510,YRI,现代,0
511,YRI,现代,0
512,YRI,现代,0
513,YRI,现代,0
514,YRI,现代,0
515,YRI,现代,0
516,YRI,现代,0
517,YRI,现代,0
518,YRI,现代,0
519,YRI,现代,0
520,YRI,现代,0
521,YRI,现代,0
522,YRI,现代,0
523,YRI,现代,0
524,YRI,现代,0
525,YRI,现代,0
526,YRI,现代,0
527,YRI,现代,0
528,YRI,现代,0
529,YRI,古代_远期,25000
530,YRI,古代_远期,25000
531,YRI,现代,0
532,YRI,现代,0
533,YRI,现代,0
534,YRI,现代,0
535,YRI,现代,0
536,YRI,现代,0
537,YRI,现代,0
538,YRI,现代,0
539,YRI,现代,0
540,YRI,现代,0
541,YRI,现代,0
542,YRI,现代,0
543,YRI,现代,0
544,YRI,古代_远期,25000
545,YRI,现代,0
546,YRI,现代,0
547,YRI,现代,0
548,YRI,现代,0
549,YRI,现代,0
550,YRI,现代,0
551,YRI,现代,0
552,YRI,现代,0
553,YRI,现代,0
554,YRI,现代,0
555,YRI,现代,0
556,YRI,现代,0
557,YRI,现代,0
558,YRI,现代,0
559,YRI,现代,0
560,YRI,现代,0
561,YRI,现代,0
562,YRI,现代,0
563,YRI,现代,0
564,YRI,现代,0
565,YRI,现代,0
566,YRI,现代,0
567,YRI,现代,0
568,YRI,现代,0
569,YRI,现代,0
570,YRI,现代,0
571,YRI,现代,0
572,YRI,古代_近期,5000
573,YRI,现代,0
574,YRI,现代,0
575,YRI,现代,0
576,YRI,现代,0
577,YRI,现代,0
578,YRI,现代,0
579,YRI,现代,0
580,YRI,现代,0
581,YRI,现代,0
582,YRI,现代,0
583,YRI,现代,0
584,YRI,古代_近期,5000
585,YRI,古代_近期,5000
586,YRI,现代,0
587,YRI,现代,0
588,YRI,现代,0
589,YRI,现代,0
590,YRI,现代,0
591,YRI,现代,0
592,YRI,现代,0
593,YRI,现代,0
594,YRI,现代,0
595,YRI,现代,0
596,YRI,现代,0
597,YRI,现代,0
598,YRI,现代,0
599,YRI,现代,0
600,YRI,现代,0
601,YRI,现代,0
602,YRI,现代,0
603,YRI,现代,0
604,YRI,现代,0
605,YRI,现代,0
606,YRI,现代,0
607,YRI,现代,0
608,YRI,现代,0
609,YRI,现代,0
610,YRI,现代,0
611,YRI,古代_远期,25000
612,YRI,现代,0
613,YRI,现代,0
614,YRI,现代,0
615,YRI,现代,0
616,YRI,现代,0
617,YRI,现代,0
618,YRI,现代,0
619,YRI,现代,0
620,YRI,古代_远期,25000
621,YRI,现代,0
622,YRI,现代,0
623,YRI,现代,0
624,YRI,现代,0
625,YRI,现代,0
626,YRI,现代,0
627,YRI,现代,0
628,YRI,古代_近期,5000
629,YRI,现代,0
630,YRI,现代,0
631,YRI,现代,0
632,YRI,现代,0
633,YRI,现代,0
634,YRI,现代,0
635,YRI,现代,0
636,YRI,现代,0
637,YRI,现代,0
638,YRI,现代,0
639,YRI,现代,0
640,YRI,现代,0
641,YRI,现代,0
642,YRI,现代,0
643,YRI,现代,0
644,YRI,现代,0
645,YRI,现代,0
646,YRI,现代,0
647,YRI,现代,0
648,YRI,现代,0
649,YRI,现代,0
650,YRI,现代,0
651,YRI,古代_近期,5000
652,YRI,现代,0
653,YRI,现代,0
654,YRI,古代_远期,25000
655,YRI,现代,0
656,YRI,现代,0
657,YRI,现代,0
658,YRI,现代,0
659,YRI,现代,0
660,YRI,现代,0
661,YRI,现代,0
662,YRI,现代,0
663,YRI,现代,0
664,YRI,现代,0
665,YRI,现代,0
666,YRI,现代,0
667,YRI,现代,0
668,YRI,现代,0
669,YRI,现代,0
670,YRI,现代,0
671,YRI,现代,0
672,YRI,现代,0
673,YRI,现代,0
674,YRI,古代_近期,5000
675,YRI,现代,0
676,YRI,现代,0
677,YRI,现代,0
678,YRI,古代_近期,5000
679,YRI,现代,0
680,YRI,现代,0
681,YRI,现代,0
682,YRI,现代,0
683,YRI,现代,0
684,YRI,现代,0
685,YRI,现代,0
686,YRI,现代,0
687,YRI,现代,0
688,YRI,现代,0
689,YRI,现代,0
690,YRI,现代,0
691,YRI,现代,0
692,YRI,现代,0
693,YRI,现代,0
694,YRI,现代,0
695,YRI,现代,0
696,YRI,现代,0
697,YRI,现代,0
698,YRI,现代,0
699,YRI,现代,0
700,YRI,现代,0
701,YRI,现代,0
702,YRI,现代,0
703,YRI,现代,0
704,YRI,现代,0
705,YRI,现代,0
706,YRI,现代,0
707,YRI,现代,0
708,YRI,现代,0
709,YRI,现代,0
710,YRI,现代,0
711,YRI,现代,0
712,YRI,现代,0
713,YRI,现代,0
714,YRI,现代,0
715,YRI,现代,0
716,YRI,现代,0
717,YRI,现代,0
718,YRI,现代,0
719,YRI,现代,0
720,YRI,现代,0
721,YRI,现代,0
722,YRI,现代,0
723,YRI,现代,0
724,YRI,现代,0
725,YRI,现代,0
726,YRI,现代,0
727,YRI,现代,0
728,YRI,现代,0
729,YRI,现代,0
730,YRI,现代,0
731,YRI,现代,0
732,YRI,现代,0
733,YRI,现代,0
734,YRI,现代,0
735,YRI,现代,0
736,YRI,现代,0
737,YRI,现代,0
738,YRI,现代,0
739,YRI,现代,0
740,YRI,现代,0
741,YRI,现代,0
742,YRI,现代,0
743,YRI,现代,0
744,YRI,古代_远期,25000
745,YRI,现代,0
746,YRI,古代_近期,5000
747,YRI,现代,0
748,YRI,现代,0
749,YRI,现代,0
750,YRI,现代,0
751,YRI,现代,0
752,YRI,现代,0
753,YRI,现代,0
754,YRI,现代,0
755,YRI,古代_近期,5000
756,YRI,现代,0
757,YRI,现代,0
758,YRI,现代,0
759,YRI,古代_远期,25000
760,YRI,现代,0
761,YRI,现代,0
762,YRI,现代,0
763,YRI,现代,0
764,YRI,现代,0
765,YRI,现代,0
766,YRI,现代,0
767,YRI,现代,0
768,YRI,现代,0
769,YRI,现代,0
770,YRI,现代,0
771,YRI,古代_远期,25000
772,YRI,现代,0
773,YRI,现代,0
774,YRI,现代,0
775,YRI,现代,0
776,YRI,现代,0
777,YRI,现代,0
778,YRI,现代,0
779,YRI,现代,0
780,YRI,现代,0
781,YRI,现代,0
782,YRI,现代,0
783,YRI,现代,0
784,YRI,现代,0
785,YRI,现代,0
786,YRI,现代,0
787,YRI,古代_近期,5000
788,YRI,现代,0
789,YRI,现代,0
790,YRI,现代,0
791,YRI,现代,0
792,YRI,古代_近期,5000
793,YRI,现代,0
794,YRI,现代,0
795,YRI,现代,0
796,YRI,现代,0
797,YRI,现代,0
798,YRI,现代,0
799,YRI,现代,0
800,YRI,现代,0
801,YRI,现代,0
802,YRI,古代_远期,25000
803,YRI,现代,0
804,YRI,现代,0
805,YRI,现代,0
806,YRI,现代,0
807,YRI,现代,0
808,YRI,现代,0
809,YRI,现代,0
810,YRI,现代,0
811,YRI,现代,0
812,YRI,现代,0
813,YRI,现代,0
814,YRI,现代,0
815,YRI,现代,0
816,YRI,现代,0
817,YRI,现代,0
818,YRI,现代,0
819,YRI,现代,0
820,YRI,现代,0
821,YRI,现代,0
822,YRI,现代,0
823,YRI,现代,0
824,YRI,古代_近期,5000
825,YRI,现代,0
826,YRI,现代,0
827,YRI,现代,0
828,YRI,现代,0
829,YRI,现代,0
830,YRI,现代,0
831,YRI,现代,0
832,YRI,现代,0
833,YRI,现代,0
834,YRI,现代,0
835,YRI,现代,0
836,YRI,现代,0
837,YRI,现代,0
838,YRI,现代,0
839,YRI,现代,0
840,YRI,现代,0
841,YRI,现代,0
842,YRI,现代,0
843,YRI,现代,0
844,YRI,现代,0
845,YRI,现代,0
846,YRI,现代,0
847,YRI,现代,0
848,YRI,现代,0
849,YRI,现代,0
850,YRI,现代,0
851,YRI,现代,0
852,YRI,现代,0
853,YRI,现代,0
854,YRI,现代,0
855,YRI,现代,0
856,YRI,现代,0
857,YRI,古代_近期,5000
858,YRI,现代,0
859,YRI,现代,0
860,YRI,现代,0
861,YRI,现代,0
862,YRI,古代_远期,25000
863,YRI,现代,0
864,YRI,现代,0
865,YRI,现代,0
866,YRI,现代,0
867,YRI,现代,0
868,YRI,现代,0
869,YRI,现代,0
870,YRI,现代,0
871,YRI,现代,0
872,YRI,现代,0
873,YRI,现代,0
874,YRI,现代,0
875,YRI,现代,0
876,YRI,现代,0
877,YRI,现代,0
878,YRI,现代,0
879,YRI,古代_远期,25000
880,YRI,现代,0
881,YRI,现代,0
882,YRI,现代,0
883,YRI,现代,0
884,YRI,现代,0
885,YRI,现代,0
886,YRI,古代_远期,25000
887,YRI,现代,0
888,YRI,现代,0
889,YRI,古代_近期,5000
890,YRI,现代,0
891,YRI,现代,0
892,YRI,现代,0
893,YRI,现代,0
894,YRI,现代,0
895,YRI,现代,0
896,YRI,现代,0
897,YRI,现代,0
898,YRI,现代,0
899,YRI,现代,0
900,YRI,现代,0
901,YRI,现代,0
902,YRI,现代,0
903,YRI,现代,0
904,YRI,现代,0
905,YRI,古代_近期,5000
906,YRI,现代,0
907,YRI,古代_近期,5000
908,YRI,现代,0
909,YRI,古代_近期,5000
910,YRI,现代,0
911,YRI,现代,0
912,YRI,现代,0
913,YRI,现代,0
914,YRI,现代,0
915,YRI,现代,0
916,YRI,古代_远期,25000
917,YRI,现代,0
918,YRI,现代,0
919,YRI,现代,0
920,YRI,现代,0
921,YRI,现代,0
922,YRI,现代,0
923,YRI,现代,0
924,YRI,现代,0
925,YRI,现代,0
926,YRI,现代,0
927,YRI,现代,0
928,YRI,现代,0
929,YRI,现代,0
930,YRI,现代,0
931,YRI,现代,0
932,YRI,现代,0
933,YRI,现代,0
934,YRI,现代,0
935,YRI,现代,0
936,YRI,现代,0
937,YRI,现代,0
938,YRI,古代_近期,5000
939,YRI,现代,0
940,YRI,现代,0
941,YRI,现代,0
942,YRI,现代,0
943,YRI,现代,0
944,YRI,古代_近期,5000
945,YRI,现代,0
946,YRI,现代,0
947,YRI,现代,0
948,YRI,现代,0
949,YRI,现代,0
950,YRI,现代,0
951,YRI,现代,0
952,YRI,现代,0
953,YRI,现代,0
954,YRI,现代,0
955,YRI,现代,0
956,YRI,现代,0
957,YRI,现代,0
958,YRI,现代,0
959,YRI,现代,0
960,YRI,现代,0
961,YRI,现代,0
962,YRI,现代,0
963,YRI,现代,0
964,YRI,古代_近期,5000
965,YRI,现代,0
966,YRI,现代,0
967,YRI,现代,0
968,YRI,现代,0
969,YRI,现代,0
970,YRI,现代,0
971,YRI,现代,0
972,YRI,现代,0
973,YRI,古代_远期,25000
974,YRI,现代,0
975,YRI,现代,0
976,YRI,现代,0
977,YRI,现代,0
978,YRI,现代,0
979,YRI,现代,0
980,YRI,现代,0
981,YRI,现代,0
982,YRI,现代,0
983,YRI,现代,0
984,YRI,现代,0
985,YRI,现代,0
986,YRI,现代,0
987,YRI,古代_近期,5000
988,YRI,现代,0
989,YRI,现代,0
990,YRI,现代,0
991,YRI,现代,0
992,YRI,现代,0
993,YRI,古代_远期,25000
994,YRI,现代,0
995,YRI,现代,0
996,YRI,现代,0
997,YRI,现代,0
998,YRI,现代,0
999,YRI,现代,0
1000,YRI,现代,0
1001,YRI,现代,0
1002,YRI,现代,0
1003,YRI,现代,0
1004,YRI,现代,0
1005,YRI,现代,0
1006,YRI,现代,0
1007,YRI,现代,0
1008,YRI,现代,0
1009,YRI,现代,0
1010,YRI,现代,0
1011,YRI,现代,0
1012,YRI,现代,0
1013,YRI,现代,0
1014,YRI,现代,0
1015,YRI,现代,0
1016,YRI,现代,0
1017,YRI,现代,0
1018,YRI,现代,0
1019,YRI,现代,0
1020,YRI,现代,0
1021,YRI,现代,0
1022,YRI,现代,0
1023,YRI,现代,0
1024,YRI,现代,0
1025,YRI,现代,0
1026,YRI,现代,0
1027,YRI,现代,0
1028,YRI,现代,0
1029,YRI,现代,0
1030,YRI,现代,0
1031,YRI,现代,0
1032,YRI,现代,0
1033,YRI,现代,0
1034,YRI,现代,0
1035,YRI,现代,0
1036,YRI,古代_远期,25000
1037,YRI,现代,0
1038,YRI,现代,0
1039,YRI,现代,0
1040,YRI,现代,0
1041,YRI,古代_远期,25000
1042,YRI,现代,0
1043,YRI,现代,0
1044,YRI,现代,0
1045,YRI,现代,0
1046,YRI,现代,0
1047,YRI,现代,0
1048,YRI,现代,0
1049,YRI,现代,0
1050,YRI,现代,0
1051,YRI,现代,0
1052,YRI,现代,0
1053,YRI,现代,0
1054,YRI,古代_近期,5000
1055,YRI,现代,0
1056,YRI,现代,0
1057,YRI,现代,0
1058,YRI,现代,0
1059,YRI,现代,0
1060,YRI,现代,0
1061,YRI,现代,0
1062,YRI,现代,0
1063,YRI,现代,0
1064,YRI,现代,0
1065,YRI,现代,0
1066,YRI,现代,0
1067,YRI,现代,0
1068,YRI,现代,0
1069,YRI,现代,0
1070,YRI,现代,0
1071,YRI,现代,0
1072,YRI,现代,0
1073,YRI,现代,0
1074,YRI,现代,0
1075,YRI,现代,0
1076,YRI,现代,0
1077,YRI,现代,0
1078,YRI,古代_近期,5000
1079,YRI,现代,0
1080,YRI,古代_近期,5000
1081,YRI,现代,0
1082,YRI,现代,0
1083,YRI,古代_近期,5000
1084,YRI,现代,0
1085,YRI,现代,0
1086,YRI,现代,0
1087,YRI,现代,0
1088,YRI,现代,0
1089,YRI,古代_近期,5000
1090,YRI,现代,0
1091,YRI,现代,0
1092,YRI,现代,0
1093,YRI,现代,0
1094,YRI,现代,0
1095,YRI,现代,0
1096,YRI,现代,0
1097,YRI,现代,0
1098,YRI,现代,0
1099,YRI,现代,0
1100,YRI,现代,0
1101,YRI,现代,0
1102,YRI,现代,0
1103,YRI,古代_远期,25000
1104,YRI,现代,0
1105,YRI,现代,0
1106,YRI,现代,0
1107,YRI,古代_远期,25000
1108,YRI,现代,0
1109,YRI,现代,0
1110,YRI,现代,0
1111,YRI,现代,0
1112,YRI,现代,0
1113,YRI,现代,0
1114,YRI,现代,0
1115,YRI,现代,0
1116,YRI,现代,0
1117,YRI,现代,0
1118,YRI,古代_近期,5000
1119,YRI,现代,0
1120,YRI,现代,0
1121,YRI,现代,0
1122,YRI,现代,0
1123,YRI,现代,0
1124,YRI,现代,0
1125,YRI,现代,0
1126,YRI,现代,0
1127,YRI,现代,0
1128,YRI,现代,0
1129,YRI,现代,0
1130,YRI,现代,0
1131,YRI,现代,0
1132,YRI,现代,0
1133,YRI,现代,0
1134,YRI,现代,0
1135,YRI,现代,0
1136,YRI,现代,0
1137,YRI,现代,0
1138,YRI,现代,0
1139,YRI,现代,0
1140,YRI,现代,0
1141,YRI,现代,0
1142,YRI,现代,0
1143,YRI,现代,0
1144,YRI,现代,0
1145,YRI,现代,0
1146,YRI,现代,0
1147,YRI,现代,0
1148,YRI,现代,0
1149,YRI,现代,0
1150,YRI,现代,0
1151,YRI,现代,0
1152,YRI,现代,0
1153,YRI,现代,0
1154,YRI,现代,0
1155,YRI,现代,0
1156,YRI,现代,0
1157,YRI,现代,0
1158,YRI,现代,0
1159,YRI,现代,0
1160,YRI,现代,0
1161,YRI,现代,0
1162,YRI,现代,0
1163,YRI,现代,0
1164,YRI,现代,0
1165,YRI,现代,0
1166,YRI,现代,0
1167,YRI,现代,0
1168,YRI,现代,0
1169,YRI,现代,0
1170,YRI,现代,0
1171,YRI,现代,0
1172,YRI,现代,0
1173,YRI,现代,0
1174,YRI,现代,0
1175,YRI,现代,0
1176,YRI,现代,0
1177,YRI,现代,0
1178,YRI,现代,0
1179,YRI,古代_近期,5000
1180,YRI,现代,0
1181,YRI,现代,0
1182,YRI,古代_近期,5000
1183,YRI,现代,0
1184,YRI,现代,0
1185,YRI,现代,0
1186,YRI,现代,0
1187,YRI,现代,0
1188,YRI,现代,0
1189,YRI,现代,0
1190,YRI,现代,0
1191,YRI,现代,0
1192,YRI,现代,0
1193,YRI,古代_远期,25000
1194,YRI,现代,0
1195,YRI,现代,0
1196,YRI,现代,0
1197,YRI,现代,0
1198,YRI,现代,0
1199,YRI,现代,0
1200,YRI,现代,0
1201,YRI,现代,0
1202,YRI,现代,0
1203,YRI,现代,0
1204,YRI,现代,0
1205,YRI,现代,0
1206,YRI,现代,0
1207,YRI,现代,0
1208,YRI,现代,0
1209,YRI,现代,0
1210,YRI,现代,0
1211,YRI,现代,0
1212,YRI,现代,0
1213,YRI,现代,0
1214,YRI,现代,0
1215,YRI,现代,0
1216,YRI,现代,0
1217,YRI,现代,0
1218,YRI,现代,0
1219,YRI,现代,0
1220,YRI,现代,0
1221,YRI,现代,0
1222,YRI,现代,0
1223,YRI,古代_远期,25000
1224,YRI,现代,0
1225,YRI,现代,0
1226,YRI,现代,0
1227,YRI,现代,0
1228,YRI,现代,0
1229,YRI,现代,0
1230,YRI,现代,0
1231,YRI,现代,0
1232,YRI,现代,0
1233,YRI,古代_近期,5000
1234,YRI,现代,0
1235,YRI,现代,0
1236,YRI,现代,0
1237,YRI,现代,0
1238,YRI,现代,0
1239,YRI,现代,0
1240,YRI,现代,0
1241,YRI,现代,0
1242,YRI,现代,0
1243,YRI,现代,0
1244,YRI,古代_近期,5000
1245,YRI,现代,0
1246,YRI,现代,0
1247,YRI,现代,0
1248,YRI,现代,0
1249,YRI,现代,0
1250,YRI,现代,0
1251,YRI,现代,0
1252,YRI,现代,0
1253,YRI,现代,0
1254,YRI,现代,0
1255,YRI,现代,0
1256,YRI,现代,0
1257,YRI,现代,0
1258,YRI,现代,0
1259,YRI,古代_远期,25000
1260,YRI,现代,0
1261,YRI,现代,0
1262,YRI,现代,0
1263,YRI,现代,0
1264,YRI,现代,0
1265,YRI,现代,0
1266,YRI,现代,0
1267,YRI,现代,0
1268,YRI,现代,0
1269,YRI,现代,0
1270,YRI,现代,0
1271,YRI,现代,0
1272,YRI,现代,0
1273,YRI,古代_近期,5000
1274,YRI,现代,0
1275,YRI,现代,0
1276,YRI,现代,0
1277,YRI,现代,0
1278,YRI,现代,0
1279,YRI,现代,0
1280,YRI,现代,0
1281,YRI,现代,0
1282,YRI,现代,0
1283,YRI,现代,0
1284,YRI,现代,0
1285,YRI,现代,0
1286,YRI,现代,0
1287,YRI,现代,0
1288,YRI,现代,0
1289,YRI,古代_近期,5000
1290,YRI,古代_近期,5000
1291,YRI,现代,0
1292,YRI,古代_近期,5000
1293,YRI,现代,0
1294,YRI,现代,0
1295,YRI,现代,0
1296,YRI,现代,0
1297,YRI,现代,0
1298,YRI,现代,0
1299,YRI,现代,0
1300,YRI,现代,0
1301,YRI,现代,0
1302,YRI,现代,0
1303,YRI,现代,0
1304,YRI,现代,0
1305,YRI,现代,0
1306,YRI,现代,0
1307,YRI,现代,0
1308,YRI,现代,0
1309,YRI,现代,0
1310,YRI,现代,0
1311,YRI,现代,0
1312,YRI,现代,0
1313,YRI,古代_远期,25000
1314,YRI,现代,0
1315,YRI,现代,0
1316,YRI,现代,0
1317,YRI,现代,0
1318,YRI,现代,0
1319,YRI,现代,0
1320,YRI,现代,0
1321,YRI,现代,0
1322,YRI,现代,0
1323,YRI,古代_近期,5000
1324,YRI,现代,0
1325,YRI,现代,0
1326,YRI,现代,0
1327,YRI,现代,0
1328,YRI,现代,0
1329,YRI,现代,0
1330,YRI,现代,0
1331,YRI,现代,0
1332,YRI,现代,0
1333,YRI,古代_近期,5000
1334,YRI,现代,0
1335,YRI,现代,0
1336,YRI,现代,0
1337,YRI,现代,0
1338,YRI,现代,0
1339,YRI,现代,0
1340,YRI,现代,0
1341,YRI,现代,0
1342,YRI,现代,0
1343,YRI,现代,0
1344,YRI,现代,0
1345,YRI,现代,0
1346,YRI,现代,0
1347,YRI,现代,0
1348,YRI,现代,0
1349,YRI,现代,0
1350,YRI,现代,0
1351,YRI,现代,0
1352,YRI,现代,0
1353,YRI,现代,0
1354,YRI,现代,0
1355,YRI,现代,0
1356,YRI,现代,0
1357,YRI,现代,0
1358,YRI,现代,0
1359,YRI,现代,0
1360,YRI,现代,0
1361,YRI,现代,0
1362,YRI,现代,0
1363,YRI,现代,0
1364,YRI,现代,0
1365,YRI,现代,0
1366,YRI,现代,0
1367,YRI,现代,0
1368,YRI,现代,0
1369,YRI,现代,0
1370,YRI,古代_远期,25000
1371,YRI,现代,0
1372,YRI,现代,0
1373,YRI,现代,0
1374,YRI,现代,0
1375,YRI,现代,0
1376,YRI,现代,0
1377,YRI,现代,0
1378,YRI,现代,0
1379,YRI,现代,0
1380,YRI,现代,0
1381,YRI,现代,0
1382,YRI,现代,0
1383,YRI,现代,0
1384,YRI,现代,0
1385,YRI,现代,0
1386,YRI,现代,0
1387,YRI,现代,0
1388,YRI,现代,0
1389,YRI,现代,0
1390,YRI,现代,0
1391,YRI,现代,0
1392,YRI,现代,0
1393,YRI,现代,0
1394,YRI,现代,0
1395,YRI,古代_近期,5000
1396,YRI,现代,0
1397,YRI,现代,0
1398,YRI,现代,0
1399,YRI,现代,0
1400,YRI,现代,0
1401,YRI,现代,0
1402,YRI,现代,0
1403,YRI,现代,0
1404,YRI,现代,0
1405,YRI,现代,0
1406,YRI,现代,0
1407,YRI,现代,0
1408,YRI,现代,0
1409,YRI,现代,0
1410,YRI,现代,0
1411,YRI,现代,0
1412,YRI,现代,0
1413,YRI,现代,0
1414,YRI,现代,0
1415,YRI,现代,0
1416,YRI,现代,0
1417,YRI,现代,0
1418,YRI,现代,0
1419,YRI,古代_远期,25000
1420,YRI,现代,0
1421,YRI,现代,0
1422,YRI,现代,0
1423,YRI,现代,0
1424,YRI,现代,0
1425,YRI,现代,0
1426,YRI,现代,0
1427,YRI,现代,0
1428,YRI,现代,0
1429,YRI,现代,0
1430,YRI,现代,0
1431,YRI,现代,0
1432,YRI,现代,0
1433,YRI,现代,0
1434,YRI,现代,0
1435,YRI,现代,0
1436,YRI,现代,0
1437,YRI,现代,0
1438,YRI,现代,0
1439,YRI,现代,0
1440,YRI,现代,0
1441,YRI,现代,0
1442,YRI,现代,0
1443,YRI,现代,0
1444,YRI,现代,0
1445,YRI,现代,0
1446,YRI,现代,0
1447,YRI,现代,0
1448,YRI,现代,0
1449,YRI,现代,0
1450,YRI,古代_近期,5000
1451,YRI,现代,0
1452,YRI,现代,0
1453,YRI,古代_近期,5000
1454,YRI,现代,0
1455,YRI,现代,0
1456,YRI,现代,0
1457,YRI,现代,0
1458,YRI,现代,0
1459,YRI,现代,0
1460,YRI,现代,0
1461,YRI,现代,0
1462,YRI,现代,0
1463,YRI,现代,0
1464,YRI,现代,0
1465,YRI,现代,0
1466,YRI,现代,0
1467,YRI,现代,0
1468,YRI,现代,0
1469,YRI,现代,0
1470,YRI,现代,0
1471,YRI,现代,0
1472,YRI,现代,0
1473,YRI,古代_近期,5000
1474,YRI,古代_近期,5000
1475,YRI,现代,0
1476,YRI,现代,0
1477,YRI,现代,0
1478,YRI,现代,0
1479,YRI,现代,0
1480,YRI,现代,0
1481,YRI,现代,0
1482,YRI,现代,0
1483,YRI,古代_近期,5000
1484,YRI,现代,0
1485,YRI,现代,0
1486,YRI,现代,0
1487,YRI,古代_近期,5000
1488,YRI,现代,0
1489,YRI,现代,0
1490,YRI,现代,0
1491,YRI,现代,0
1492,YRI,现代,0
1493,YRI,现代,0
1494,YRI,现代,0
1495,YRI,现代,0
1496,YRI,现代,0
1497,YRI,现代,0
1498,YRI,现代,0
1499,YRI,现代,0
1500,YRI,现代,0
1501,YRI,现代,0
1502,YRI,古代_近期,5000
1503,YRI,现代,0
1504,YRI,现代,0
1505,YRI,现代,0
1506,YRI,现代,0
1507,YRI,现代,0
1508,YRI,现代,0
1509,YRI,现代,0
1510,YRI,现代,0
1511,YRI,现代,0
1512,YRI,古代_近期,5000
1513,YRI,现代,0
1514,YRI,现代,0
1515,YRI,现代,0
1516,YRI,现代,0
1517,YRI,现代,0
1518,YRI,现代,0
1519,YRI,现代,0
1520,YRI,现代,0
1521,YRI,现代,0
1522,YRI,现代,0
1523,YRI,现代,0
1524,YRI,现代,0
1525,YRI,现代,0
1526,YRI,现代,0
1527,YRI,现代,0
1528,YRI,现代,0
1529,YRI,现代,0
1530,YRI,现代,0
1531,YRI,现代,0
1532,YRI,古代_近期,5000
1533,YRI,现代,0
1534,YRI,现代,0
1535,YRI,现代,0
1536,YRI,现代,0
1537,YRI,现代,0
1538,YRI,现代,0
1539,YRI,现代,0
1540,YRI,现代,0
1541,YRI,现代,0
1542,YRI,现代,0
1543,YRI,现代,0
1544,YRI,古代_远期,25000
1545,YRI,现代,0
1546,YRI,古代_远期,25000
1547,YRI,现代,0
1548,YRI,现代,0
1549,YRI,现代,0
1550,YRI,现代,0
1551,YRI,现代,0
1552,YRI,现代,0
1553,YRI,现代,0
1554,YRI,现代,0
1555,YRI,古代_近期,5000
1556,YRI,古代_近期,5000
1557,YRI,现代,0
1558,YRI,现代,0
1559,YRI,现代,0
1560,YRI,现代,0
1561,YRI,现代,0
1562,YRI,现代,0
1563,YRI,现代,0
1564,YRI,现代,0
1565,YRI,现代,0
1566,YRI,古代_远期,25000
1567,YRI,现代,0
1568,YRI,古代_近期,5000
1569,YRI,现代,0
1570,YRI,现代,0
1571,YRI,现代,0
1572,YRI,现代,0
1573,YRI,现代,0
1574,YRI,现代,0
1575,YRI,现代,0
1576,YRI,现代,0
1577,YRI,现代,0
1578,YRI,现代,0
1579,YRI,现代,0
1580,YRI,现代,0
1581,YRI,现代,0
1582,YRI,现代,0
1583,YRI,现代,0
1584,YRI,现代,0
1585,YRI,现代,0
1586,YRI,现代,0
1587,YRI,现代,0
1588,YRI,现代,0
1589,YRI,现代,0
1590,YRI,现代,0
1591,YRI,现代,0
1592,YRI,现代,0
1593,YRI,现代,0
1594,YRI,现代,0
1595,YRI,现代,0
1596,YRI,现代,0
1597,YRI,现代,0
1598,YRI,现代,0
1599,YRI,现代,0
1600,YRI,现代,0
1601,YRI,现代,0
1602,YRI,现代,0
1603,YRI,现代,0
1604,YRI,现代,0
1605,YRI,古代_远期,25000
1606,YRI,现代,0
1607,YRI,现代,0
1608,YRI,古代_近期,5000
1609,YRI,古代_近期,5000
1610,YRI,现代,0
1611,YRI,现代,0
1612,YRI,现代,0
1613,YRI,现代,0
1614,YRI,现代,0
1615,YRI,现代,0
1616,YRI,现代,0
1617,YRI,现代,0
1618,YRI,现代,0
1619,YRI,现代,0
1620,YRI,现代,0
1621,YRI,古代_近期,5000
1622,YRI,现代,0
1623,YRI,古代_近期,5000
1624,YRI,现代,0
1625,YRI,现代,0
1626,YRI,现代,0
1627,YRI,现代,0
1628,YRI,现代,0
1629,YRI,现代,0
1630,YRI,现代,0
1631,YRI,现代,0
1632,YRI,现代,0
1633,YRI,现代,0
1634,YRI,现代,0
1635,YRI,现代,0
1636,YRI,现代,0
1637,YRI,现代,0
1638,YRI,现代,0
1639,YRI,现代,0
1640,YRI,现代,0
1641,YRI,现代,0
1642,YRI,现代,0
1643,YRI,现代,0
1644,YRI,现代,0
1645,YRI,现代,0
1646,YRI,古代_近期,5000
1647,YRI,古代_近期,5000
1648,YRI,现代,0
1649,YRI,现代,0
1650,YRI,现代,0
1651,YRI,现代,0
1652,YRI,现代,0
1653,YRI,现代,0
1654,YRI,现代,0
1655,YRI,现代,0
1656,YRI,现代,0
1657,YRI,现代,0
1658,YRI,现代,0
1659,YRI,现代,0
1660,YRI,现代,0
1661,YRI,现代,0
1662,YRI,现代,0
1663,YRI,现代,0
1664,YRI,古代_近期,5000
1665,YRI,现代,0
1666,YRI,古代_远期,25000
1667,YRI,现代,0
1668,YRI,现代,0
1669,YRI,现代,0
1670,YRI,现代,0
1671,YRI,现代,0
1672,YRI,现代,0
1673,YRI,现代,0
1674,YRI,现代,0
1675,YRI,现代,0
1676,YRI,现代,0
1677,YRI,现代,0
1678,YRI,现代,0
1679,YRI,现代,0
1680,YRI,现代,0
1681,YRI,现代,0
1682,YRI,现代,0
1683,YRI,现代,0
1684,YRI,现代,0
1685,YRI,现代,0
1686,YRI,现代,0
1687,YRI,现代,0
1688,YRI,现代,0
1689,YRI,现代,0
1690,YRI,现代,0
1691,YRI,古代_近期,5000
1692,YRI,现代,0
1693,YRI,现代,0
1694,YRI,现代,0
1695,YRI,现代,0
1696,YRI,古代_近期,5000
1697,YRI,现代,0
1698,YRI,现代,0
1699,YRI,古代_远期,25000
1700,YRI,现代,0
1701,YRI,现代,0
1702,YRI,现代,0
1703,YRI,现代,0
1704,YRI,现代,0
1705,YRI,现代,0
1706,YRI,现代,0
1707,YRI,现代,0
1708,YRI,现代,0
1709,YRI,现代,0
1710,YRI,现代,0
1711,YRI,现代,0
1712,YRI,现代,0
1713,YRI,现代,0
1714,YRI,现代,0
1715,YRI,现代,0
1716,YRI,现代,0
1717,YRI,现代,0
1718,YRI,现代,0
1719,YRI,现代,0
1720,YRI,现代,0
1721,YRI,现代,0
1722,YRI,现代,0
1723,YRI,现代,0
1724,YRI,现代,0
1725,YRI,现代,0
1726,YRI,现代,0
1727,YRI,现代,0
1728,YRI,现代,0
1729,YRI,古代_近期,5000
1730,YRI,现代,0
1731,YRI,古代_近期,5000
1732,YRI,现代,0
1733,YRI,现代,0
1734,YRI,现代,0
1735,YRI,现代,0
1736,YRI,现代,0
1737,YRI,现代,0
1738,YRI,现代,0
1739,YRI,现代,0
1740,YRI,现代,0
1741,YRI,古代_近期,5000
1742,YRI,现代,0
1743,YRI,现代,0
1744,YRI,现代,0
1745,YRI,现代,0
1746,YRI,现代,0
1747,YRI,现代,0
1748,YRI,现代,0
1749,YRI,现代,0
1750,YRI,现代,0
1751,YRI,现代,0
1752,YRI,现代,0
1753,YRI,现代,0
1754,YRI,现代,0
1755,YRI,现代,0
1756,YRI,现代,0
1757,YRI,现代,0
1758,YRI,现代,0
1759,YRI,现代,0
1760,YRI,现代,0
1761,YRI,现代,0
1762,YRI,现代,0
1763,YRI,现代,0
1764,YRI,现代,0
1765,YRI,现代,0
1766,YRI,现代,0
1767,YRI,现代,0
1768,YRI,现代,0
1769,YRI,现代,0
1770,YRI,现代,0
1771,YRI,现代,0
1772,YRI,现代,0
1773,YRI,现代,0
1774,YRI,现代,0
1775,YRI,现代,0
1776,YRI,现代,0
1777,YRI,现代,0
1778,YRI,现代,0
1779,YRI,现代,0
1780,YRI,现代,0
1781,YRI,现代,0
1782,YRI,现代,0
1783,YRI,现代,0
1784,YRI,现代,0
1785,YRI,现代,0
1786,YRI,现代,0
1787,YRI,现代,0
1788,YRI,现代,0
1789,YRI,古代_远期,25000
1790,YRI,现代,0
1791,YRI,现代,0
1792,YRI,现代,0
1793,YRI,现代,0
1794,YRI,现代,0
1795,YRI,现代,0
1796,YRI,现代,0
1797,YRI,现代,0
1798,YRI,古代_近期,5000
1799,YRI,现代,0
1800,YRI,现代,0
1801,YRI,现代,0
1802,YRI,现代,0
1803,YRI,现代,0
1804,YRI,现代,0
1805,YRI,现代,0
1806,YRI,现代,0
1807,YRI,现代,0
1808,YRI,现代,0
1809,YRI,现代,0
1810,YRI,现代,0
1811,YRI,现代,0
1812,YRI,现代,0
1813,YRI,现代,0
1814,YRI,现代,0
1815,YRI,现代,0
1816,YRI,现代,0
1817,YRI,现代,0
1818,YRI,现代,0
1819,YRI,古代_近期,5000
1820,YRI,现代,0
1821,YRI,现代,0
1822,YRI,现代,0
1823,YRI,现代,0
1824,YRI,现代,0
1825,YRI,古代_远期,25000
1826,YRI,现代,0
1827,YRI,现代,0
1828,YRI,现代,0
1829,YRI,现代,0
1830,YRI,现代,0
1831,YRI,现代,0
1832,YRI,现代,0
1833,YRI,古代_近期,5000
1834,YRI,现代,0
1835,YRI,现代,0
1836,YRI,现代,0
1837,YRI,现代,0
1838,YRI,现代,0
1839,YRI,现代,0
1840,YRI,现代,0
1841,YRI,现代,0
1842,YRI,现代,0
1843,YRI,现代,0
1844,YRI,现代,0
1845,YRI,现代,0
1846,YRI,现代,0
1847,YRI,古代_近期,5000
1848,YRI,现代,0
1849,YRI,现代,0
1850,YRI,现代,0
1851,YRI,现代,0
1852,YRI,古代_近期,5000
1853,YRI,现代,0
1854,YRI,现代,0
1855,YRI,现代,0
1856,YRI,现代,0
1857,YRI,现代,0
1858,YRI,现代,0
1859,YRI,现代,0
1860,YRI,古代_近期,5000
1861,YRI,现代,0
1862,YRI,现代,0
1863,YRI,现代,0
1864,YRI,现代,0
1865,YRI,现代,0
1866,YRI,现代,0
1867,YRI,现代,0
1868,YRI,现代,0
1869,YRI,现代,0
1870,YRI,现代,0
1871,YRI,现代,0
1872,YRI,现代,0
1873,YRI,古代_远期,25000
1874,YRI,现代,0
1875,YRI,现代,0
1876,YRI,现代,0
1877,YRI,现代,0
1878,YRI,现代,0
1879,YRI,现代,0
1880,YRI,现代,0
1881,YRI,现代,0
1882,YRI,现代,0
1883,YRI,现代,0
1884,YRI,古代_近期,5000
1885,YRI,现代,0
1886,YRI,现代,0
1887,YRI,现代,0
1888,YRI,现代,0
1889,YRI,现代,0
1890,YRI,现代,0
1891,YRI,现代,0
1892,YRI,现代,0
1893,YRI,古代_远期,25000
1894,YRI,现代,0
1895,YRI,现代,0
1896,YRI,现代,0
1897,YRI,现代,0
1898,YRI,现代,0
1899,YRI,现代,0
1900,YRI,现代,0
1901,YRI,现代,0
1902,YRI,现代,0
1903,YRI,现代,0
1904,YRI,现代,0
1905,YRI,古代_远期,25000
1906,YRI,现代,0
1907,YRI,现代,0
1908,YRI,现代,0
1909,YRI,现代,0
1910,YRI,现代,0
1911,YRI,现代,0
1912,YRI,现代,0
1913,YRI,现代,0
1914,YRI,现代,0
1915,YRI,现代,0
1916,YRI,现代,0
1917,YRI,现代,0
1918,YRI,现代,0
1919,YRI,现代,0
1920,YRI,现代,0
1921,YRI,现代,0
1922,YRI,古代_近期,5000
1923,YRI,现代,0
1924,YRI,现代,0
1925,YRI,现代,0
1926,YRI,现代,0
1927,YRI,古代_近期,5000
1928,YRI,现代,0
1929,YRI,现代,0
1930,YRI,现代,0
1931,YRI,古代_近期,5000
1932,YRI,现代,0
1933,YRI,现代,0
1934,YRI,现代,0
1935,YRI,现代,0
1936,YRI,现代,0
1937,YRI,现代,0
1938,YRI,现代,0
1939,YRI,现代,0
1940,YRI,现代,0
1941,YRI,现代,0
1942,YRI,现代,0
1943,YRI,现代,0
1944,YRI,现代,0
1945,YRI,现代,0
1946,YRI,现代,0
1947,YRI,现代,0
1948,YRI,现代,0
1949,YRI,现代,0
1950,YRI,现代,0
1951,YRI,现代,0
1952,YRI,现代,0
1953,YRI,现代,0
1954,YRI,现代,0
1955,YRI,现代,0
1956,YRI,现代,0
1957,YRI,现代,0
1958,YRI,现代,0
1959,YRI,现代,0
1960,YRI,现代,0
1961,YRI,现代,0
1962,YRI,现代,0
1963,YRI,现代,0
1964,YRI,现代,0
1965,YRI,现代,0
1966,YRI,现代,0
1967,YRI,现代,0
1968,YRI,现代,0
1969,YRI,现代,0
1970,YRI,现代,0
1971,YRI,现代,0
1972,YRI,现代,0
1973,YRI,现代,0
1974,YRI,现代,0
1975,YRI,现代,0
1976,YRI,现代,0
1977,YRI,现代,0
1978,YRI,古代_远期,25000
1979,YRI,现代,0
1980,YRI,现代,0
1981,YRI,古代_近期,5000
1982,YRI,现代,0
1983,YRI,现代,0
1984,YRI,现代,0
1985,YRI,现代,0
1986,YRI,现代,0
1987,YRI,古代_近期,5000
1988,YRI,现代,0
1989,YRI,现代,0
1990,YRI,现代,0
1991,YRI,现代,0
1992,YRI,现代,0
1993,YRI,现代,0
1994,YRI,现代,0
1995,YRI,现代,0
1996,YRI,现代,0
1997,YRI,现代,0
1998,YRI,现代,0
1999,YRI,现代,0
2000,CEU,现代,0
2001,CEU,现代,0
2002,CEU,现代,0
2003,CEU,古代_近期,5000
2004,CEU,现代,0
2005,CEU,古代_近期,5000
2006,CEU,现代,0
2007,CEU,现代,0
2008,CEU,古代_近期,5000
2009,CEU,现代,0
2010,CEU,现代,0
2011,CEU,现代,0
2012,CEU,现代,0
2013,CEU,现代,0
2014,CEU,古代_近期,5000
2015,CEU,现代,0
2016,CEU,现代,0
2017,CEU,现代,0
2018,CEU,现代,0
2019,CEU,现代,0
2020,CEU,现代,0
2021,CEU,现代,0
2022,CEU,现代,0
2023,CEU,现代,0
2024,CEU,现代,0
2025,CEU,现代,0
2026,CEU,现代,0
2027,CEU,现代,0
2028,CEU,现代,0
2029,CEU,现代,0
2030,CEU,现代,0
2031,CEU,现代,0
2032,CEU,古代_近期,5000
2033,CEU,古代_近期,5000
2034,CEU,现代,0
2035,CEU,现代,0
2036,CEU,现代,0
2037,CEU,现代,0
2038,CEU,现代,0
2039,CEU,现代,0
2040,CEU,现代,0
2041,CEU,现代,0
2042,CEU,现代,0
2043,CEU,现代,0
2044,CEU,现代,0
2045,CEU,现代,0
2046,CEU,现代,0
2047,CEU,现代,0
2048,CEU,现代,0
2049,CEU,现代,0
2050,CEU,现代,0
2051,CEU,现代,0
2052,CEU,现代,0
2053,CEU,现代,0
2054,CEU,现代,0
2055,CEU,现代,0
2056,CEU,现代,0
2057,CEU,现代,0
2058,CEU,现代,0
2059,CEU,现代,0
2060,CEU,现代,0
2061,CEU,现代,0
2062,CEU,现代,0
2063,CEU,现代,0
2064,CEU,现代,0
2065,CEU,现代,0
2066,CEU,现代,0
2067,CEU,现代,0
2068,CEU,现代,0
2069,CEU,现代,0
2070,CEU,古代_近期,5000
2071,CEU,现代,0
2072,CEU,现代,0
2073,CEU,现代,0
2074,CEU,现代,0
2075,CEU,现代,0
2076,CEU,现代,0
2077,CEU,现代,0
2078,CEU,现代,0
2079,CEU,古代_近期,5000
2080,CEU,现代,0
2081,CEU,现代,0
2082,CEU,现代,0
2083,CEU,现代,0
2084,CEU,现代,0
2085,CEU,现代,0
2086,CEU,现代,0
2087,CEU,现代,0
2088,CEU,现代,0
2089,CEU,现代,0
2090,CEU,现代,0
2091,CEU,现代,0
2092,CEU,现代,0
2093,CEU,现代,0
2094,CEU,现代,0
2095,CEU,现代,0
2096,CEU,现代,0
2097,CEU,现代,0
2098,CEU,现代,0
2099,CEU,现代,0
2100,CEU,现代,0
2101,CEU,现代,0
2102,CEU,现代,0
2103,CEU,现代,0
2104,CEU,现代,0
2105,CEU,现代,0
2106,CEU,现代,0
2107,CEU,现代,0
2108,CEU,现代,0
2109,CEU,古代_近期,5000
2110,CEU,现代,0
2111,CEU,现代,0
2112,CEU,现代,0
2113,CEU,现代,0
2114,CEU,现代,0
2115,CEU,现代,0
2116,CEU,现代,0
2117,CEU,现代,0
2118,CEU,现代,0
2119,CEU,现代,0
2120,CEU,现代,0
2121,CEU,现代,0
2122,CEU,现代,0
2123,CEU,现代,0
2124,CEU,现代,0
2125,CEU,现代,0
2126,CEU,现代,0
2127,CEU,现代,0
2128,CEU,现代,0
2129,CEU,现代,0
2130,CEU,现代,0
2131,CEU,现代,0
2132,CEU,现代,0
2133,CEU,现代,0
2134,CEU,现代,0
2135,CEU,现代,0
2136,CEU,现代,0
2137,CEU,现代,0
2138,CEU,现代,0
2139,CEU,现代,0
2140,CEU,现代,0
2141,CEU,现代,0
2142,CEU,现代,0
2143,CEU,现代,0
2144,CEU,现代,0
2145,CEU,现代,0
2146,CEU,现代,0
2147,CEU,现代,0
2148,CEU,现代,0
2149,CEU,古代_近期,5000
2150,CEU,现代,0
2151,CEU,现代,0
2152,CEU,现代,0
2153,CEU,现代,0
2154,CEU,现代,0
2155,CEU,现代,0
2156,CEU,现代,0
2157,CEU,现代,0
2158,CEU,现代,0
2159,CEU,现代,0
2160,CEU,现代,0
2161,CEU,现代,0
2162,CEU,现代,0
2163,CEU,现代,0
2164,CEU,现代,0
2165,CEU,古代_近期,5000
2166,CEU,现代,0
2167,CEU,现代,0
2168,CEU,现代,0
2169,CEU,现代,0
2170,CEU,现代,0
2171,CEU,现代,0
2172,CEU,现代,0
2173,CEU,现代,0
2174,CEU,现代,0
2175,CEU,现代,0
2176,CEU,现代,0
2177,CEU,现代,0
2178,CEU,现代,0
2179,CEU,古代_远期,25000
2180,CEU,古代_近期,5000
2181,CEU,古代_近期,5000
2182,CEU,现代,0
2183,CEU,现代,0
2184,CEU,现代,0
2185,CEU,现代,0
2186,CEU,古代_远期,25000
2187,CEU,现代,0
2188,CEU,现代,0
2189,CEU,现代,0
2190,CEU,现代,0
2191,CEU,现代,0
2192,CEU,现代,0
2193,CEU,现代,0
2194,CEU,现代,0
2195,CEU,现代,0
2196,CEU,古代_近期,5000
2197,CEU,现代,0
2198,CEU,现代,0
2199,CEU,现代,0
2200,CEU,现代,0
2201,CEU,现代,0
2202,CEU,现代,0
2203,CEU,现代,0
2204,CEU,现代,0
2205,CEU,现代,0
2206,CEU,现代,0
2207,CEU,现代,0
2208,CEU,现代,0
2209,CEU,现代,0
2210,CEU,现代,0
2211,CEU,现代,0
2212,CEU,现代,0
2213,CEU,现代,0
2214,CEU,现代,0
2215,CEU,现代,0
2216,CEU,现代,0
2217,CEU,现代,0
2218,CEU,现代,0
2219,CEU,现代,0
2220,CEU,现代,0
2221,CEU,现代,0
2222,CEU,现代,0
2223,CEU,现代,0
2224,CEU,现代,0
2225,CEU,现代,0
2226,CEU,现代,0
2227,CEU,现代,0
2228,CEU,古代_远期,25000
2229,CEU,古代_近期,5000
2230,CEU,现代,0
2231,CEU,现代,0
2232,CEU,现代,0
2233,CEU,现代,0
2234,CEU,现代,0
2235,CEU,现代,0
2236,CEU,现代,0
2237,CEU,现代,0
2238,CEU,现代,0
2239,CEU,现代,0
2240,CEU,现代,0
2241,CEU,现代,0
2242,CEU,现代,0
2243,CEU,现代,0
2244,CEU,现代,0
2245,CEU,现代,0
2246,CEU,现代,0
2247,CEU,现代,0
2248,CEU,现代,0
2249,CEU,现代,0
2250,CEU,现代,0
2251,CEU,现代,0
2252,CEU,现代,0
2253,CEU,现代,0
2254,CEU,现代,0
2255,CEU,现代,0
2256,CEU,现代,0
2257,CEU,现代,0
2258,CEU,现代,0
2259,CEU,现代,0
2260,CEU,现代,0
2261,CEU,现代,0
2262,CEU,现代,0
2263,CEU,现代,0
2264,CEU,现代,0
2265,CEU,现代,0
2266,CEU,现代,0
2267,CEU,现代,0
2268,CEU,现代,0
2269,CEU,现代,0
2270,CEU,古代_远期,25000
2271,CEU,现代,0
2272,CEU,现代,0
2273,CEU,现代,0
2274,CEU,现代,0
2275,CEU,现代,0
2276,CEU,现代,0
2277,CEU,现代,0
2278,CEU,现代,0
2279,CEU,现代,0
2280,CEU,现代,0
2281,CEU,现代,0
2282,CEU,现代,0
2283,CEU,现代,0
2284,CEU,现代,0
2285,CEU,现代,0
2286,CEU,现代,0
2287,CEU,现代,0
2288,CEU,现代,0
2289,CEU,现代,0
2290,CEU,现代,0
2291,CEU,现代,0
2292,CEU,现代,0
2293,CEU,现代,0
2294,CEU,古代_远期,25000
2295,CEU,现代,0
2296,CEU,现代,0
2297,CEU,现代,0
2298,CEU,古代_近期,5000
2299,CEU,现代,0
2300,CEU,现代,0
2301,CEU,现代,0
2302,CEU,现代,0
2303,CEU,现代,0
2304,CEU,现代,0
2305,CEU,古代_近期,5000
2306,CEU,现代,0
2307,CEU,现代,0
2308,CEU,现代,0
2309,CEU,现代,0
2310,CEU,现代,0
2311,CEU,现代,0
2312,CEU,现代,0
2313,CEU,现代,0
2314,CEU,现代,0
2315,CEU,现代,0
2316,CEU,现代,0
2317,CEU,现代,0
2318,CEU,现代,0
2319,CEU,现代,0
2320,CEU,现代,0
2321,CEU,现代,0
2322,CEU,现代,0
2323,CEU,现代,0
2324,CEU,现代,0
2325,CEU,现代,0
2326,CEU,现代,0
2327,CEU,现代,0
2328,CEU,现代,0
2329,CEU,古代_近期,5000
2330,CEU,古代_近期,5000
2331,CEU,现代,0
2332,CEU,现代,0
2333,CEU,现代,0
2334,CEU,现代,0
2335,CEU,现代,0
2336,CEU,现代,0
2337,CEU,现代,0
2338,CEU,古代_近期,5000
2339,CEU,古代_远期,25000
2340,CEU,现代,0
2341,CEU,现代,0
2342,CEU,现代,0
2343,CEU,现代,0
2344,CEU,现代,0
2345,CEU,古代_近期,5000
2346,CEU,现代,0
2347,CEU,现代,0
2348,CEU,现代,0
2349,CEU,现代,0
2350,CEU,现代,0
2351,CEU,现代,0
2352,CEU,现代,0
2353,CEU,现代,0
2354,CEU,现代,0
2355,CEU,现代,0
2356,CEU,现代,0
2357,CEU,现代,0
2358,CEU,现代,0
2359,CEU,现代,0
2360,CEU,现代,0
2361,CEU,现代,0
2362,CEU,现代,0
2363,CEU,现代,0
2364,CEU,现代,0
2365,CEU,现代,0
2366,CEU,现代,0
2367,CEU,现代,0
2368,CEU,现代,0
2369,CEU,现代,0
2370,CEU,现代,0
2371,CEU,现代,0
2372,CEU,现代,0
2373,CEU,现代,0
2374,CEU,现代,0
2375,CEU,现代,0
2376,CEU,现代,0
2377,CEU,现代,0
2378,CEU,现代,0
2379,CEU,现代,0
2380,CEU,现代,0
2381,CEU,现代,0
2382,CEU,现代,0
2383,CEU,现代,0
2384,CEU,现代,0
2385,CEU,现代,0
2386,CEU,现代,0
2387,CEU,现代,0
2388,CEU,现代,0
2389,CEU,现代,0
2390,CEU,现代,0
2391,CEU,现代,0
2392,CEU,现代,0
2393,CEU,现代,0
2394,CEU,现代,0
2395,CEU,现代,0
2396,CEU,现代,0
2397,CEU,现代,0
2398,CEU,现代,0
2399,CEU,现代,0
2400,CEU,现代,0
2401,CEU,古代_近期,5000
2402,CEU,现代,0
2403,CEU,现代,0
2404,CEU,现代,0
2405,CEU,现代,0
2406,CEU,现代,0
2407,CEU,现代,0
2408,CEU,现代,0
2409,CEU,古代_近期,5000
2410,CEU,古代_近期,5000
2411,CEU,现代,0
2412,CEU,现代,0
2413,CEU,现代,0
2414,CEU,现代,0
2415,CEU,现代,0
2416,CEU,现代,0
2417,CEU,现代,0
2418,CEU,现代,0
2419,CEU,现代,0
2420,CEU,现代,0
2421,CEU,现代,0
2422,CEU,现代,0
2423,CEU,现代,0
2424,CEU,现代,0
2425,CEU,现代,0
2426,CEU,现代,0
2427,CEU,现代,0
2428,CEU,现代,0
2429,CEU,现代,0
2430,CEU,现代,0
2431,CEU,现代,0
2432,CEU,古代_远期,25000
2433,CEU,现代,0
2434,CEU,现代,0
2435,CEU,现代,0
2436,CEU,现代,0
2437,CEU,现代,0
2438,CEU,现代,0
2439,CEU,现代,0
2440,CEU,现代,0
2441,CEU,现代,0
2442,CEU,现代,0
2443,CEU,现代,0
2444,CEU,现代,0
2445,CEU,现代,0
2446,CEU,现代,0
2447,CEU,现代,0
2448,CEU,现代,0
2449,CEU,现代,0
2450,CEU,现代,0
2451,CEU,现代,0
2452,CEU,现代,0
2453,CEU,现代,0
2454,CEU,现代,0
2455,CEU,现代,0
2456,CEU,现代,0
2457,CEU,现代,0
2458,CEU,现代,0
2459,CEU,现代,0
2460,CEU,现代,0
2461,CEU,古代_远期,25000
2462,CEU,现代,0
2463,CEU,现代,0
2464,CEU,现代,0
2465,CEU,现代,0
2466,CEU,现代,0
2467,CEU,现代,0
2468,CEU,现代,0
2469,CEU,现代,0
2470,CEU,现代,0
2471,CEU,现代,0
2472,CEU,现代,0
2473,CEU,现代,0
2474,CEU,现代,0
2475,CEU,现代,0
2476,CEU,现代,0
2477,CEU,古代_远期,25000
2478,CEU,现代,0
2479,CEU,现代,0
2480,CEU,现代,0
2481,CEU,现代,0
2482,CEU,现代,0
2483,CEU,现代,0
2484,CEU,现代,0
2485,CEU,现代,0
2486,CEU,现代,0
2487,CEU,现代,0
2488,CEU,现代,0
2489,CEU,现代,0
2490,CEU,现代,0
2491,CEU,现代,0
2492,CEU,现代,0
2493,CEU,现代,0
2494,CEU,现代,0
2495,CEU,现代,0
2496,CEU,现代,0
2497,CEU,现代,0
2498,CEU,现代,0
2499,CEU,现代,0
2500,CEU,现代,0
2501,CEU,古代_近期,5000
2502,CEU,古代_近期,5000
2503,CEU,现代,0
2504,CEU,现代,0
2505,CEU,现代,0
2506,CEU,现代,0
2507,CEU,现代,0
2508,CEU,现代,0
2509,CEU,现代,0
2510,CEU,现代,0
2511,CEU,现代,0
2512,CEU,现代,0
2513,CEU,现代,0
2514,CEU,现代,0
2515,CEU,现代,0
2516,CEU,现代,0
2517,CEU,现代,0
2518,CEU,现代,0
2519,CEU,现代,0
2520,CEU,现代,0
2521,CEU,现代,0
2522,CEU,现代,0
2523,CEU,现代,0
2524,CEU,现代,0
2525,CEU,现代,0
2526,CEU,现代,0
2527,CEU,古代_近期,5000
2528,CEU,现代,0
2529,CEU,现代,0
2530,CEU,现代,0
2531,CEU,现代,0
2532,CEU,现代,0
2533,CEU,现代,0
2534,CEU,现代,0
2535,CEU,现代,0
2536,CEU,现代,0
2537,CEU,现代,0
2538,CEU,现代,0
2539,CEU,现代,0
2540,CEU,现代,0
2541,CEU,现代,0
2542,CEU,现代,0
2543,CEU,现代,0
2544,CEU,现代,0
2545,CEU,现代,0
2546,CEU,现代,0
2547,CEU,现代,0
2548,CEU,现代,0
2549,CEU,现代,0
2550,CEU,现代,0
2551,CEU,古代_远期,25000
2552,CEU,现代,0
2553,CEU,现代,0
2554,CEU,现代,0
2555,CEU,现代,0
2556,CEU,现代,0
2557,CEU,现代,0
2558,CEU,现代,0
2559,CEU,现代,0
2560,CEU,现代,0
2561,CEU,现代,0
2562,CEU,现代,0
2563,CEU,现代,0
2564,CEU,现代,0
2565,CEU,现代,0
2566,CEU,现代,0
2567,CEU,现代,0
2568,CEU,古代_远期,25000
2569,CEU,现代,0
2570,CEU,现代,0
2571,CEU,现代,0
2572,CEU,现代,0
2573,CEU,现代,0
2574,CEU,现代,0
2575,CEU,现代,0
2576,CEU,现代,0
2577,CEU,现代,0
2578,CEU,现代,0
2579,CEU,现代,0
2580,CEU,现代,0
2581,CEU,现代,0
2582,CEU,现代,0
2583,CEU,现代,0
2584,CEU,现代,0
2585,CEU,现代,0
2586,CEU,现代,0
2587,CEU,现代,0
2588,CEU,现代,0
2589,CEU,现代,0
2590,CEU,现代,0
2591,CEU,现代,0
2592,CEU,现代,0
2593,CEU,现代,0
2594,CEU,现代,0
2595,CEU,现代,0
2596,CEU,现代,0
2597,CEU,现代,0
2598,CEU,古代_近期,5000
2599,CEU,古代_近期,5000
2600,CEU,现代,0
2601,CEU,现代,0
2602,CEU,现代,0
2603,CEU,现代,0
2604,CEU,现代,0
2605,CEU,古代_近期,5000
2606,CEU,现代,0
2607,CEU,现代,0
2608,CEU,现代,0
2609,CEU,现代,0
2610,CEU,现代,0
2611,CEU,现代,0
2612,CEU,现代,0
2613,CEU,现代,0
2614,CEU,现代,0
2615,CEU,现代,0
2616,CEU,古代_近期,5000
2617,CEU,现代,0
2618,CEU,现代,0
2619,CEU,现代,0
2620,CEU,现代,0
2621,CEU,现代,0
2622,CEU,现代,0
2623,CEU,现代,0
2624,CEU,现代,0
2625,CEU,现代,0
2626,CEU,现代,0
2627,CEU,现代,0
2628,CEU,现代,0
2629,CEU,现代,0
2630,CEU,现代,0
2631,CEU,现代,0
2632,CEU,现代,0
2633,CEU,古代_近期,5000
2634,CEU,现代,0
2635,CEU,现代,0
2636,CEU,现代,0
2637,CEU,现代,0
2638,CEU,现代,0
2639,CEU,现代,0
2640,CEU,现代,0
2641,CEU,现代,0
2642,CEU,现代,0
2643,CEU,现代,0
2644,CEU,现代,0
2645,CEU,现代,0
2646,CEU,现代,0
2647,CEU,现代,0
2648,CEU,现代,0
2649,CEU,现代,0
2650,CEU,现代,0
2651,CEU,现代,0
2652,CEU,现代,0
2653,CEU,现代,0
2654,CEU,现代,0
2655,CEU,现代,0
2656,CEU,现代,0
2657,CEU,古代_近期,5000
2658,CEU,现代,0
2659,CEU,现代,0
2660,CEU,现代,0
2661,CEU,现代,0
2662,CEU,现代,0
2663,CEU,现代,0
2664,CEU,现代,0
2665,CEU,现代,0
2666,CEU,现代,0
2667,CEU,现代,0
2668,CEU,现代,0
2669,CEU,现代,0
2670,CEU,现代,0
2671,CEU,现代,0
2672,CEU,现代,0
2673,CEU,古代_远期,25000
2674,CEU,现代,0
2675,CEU,现代,0
2676,CEU,现代,0
2677,CEU,现代,0
2678,CEU,现代,0
2679,CEU,现代,0
2680,CEU,现代,0
2681,CEU,现代,0
2682,CEU,现代,0
2683,CEU,现代,0
2684,CEU,现代,0
2685,CEU,现代,0
2686,CEU,现代,0
2687,CEU,现代,0
2688,CEU,现代,0
2689,CEU,现代,0
2690,CEU,现代,0
2691,CEU,现代,0
2692,CEU,现代,0
2693,CEU,现代,0
2694,CEU,现代,0
2695,CEU,现代,0
2696,CEU,现代,0
2697,CEU,现代,0
2698,CEU,现代,0
2699,CEU,现代,0
2700,CEU,现代,0
2701,CEU,现代,0
2702,CEU,现代,0
2703,CEU,现代,0
2704,CEU,现代,0
2705,CEU,现代,0
2706,CEU,现代,0
2707,CEU,现代,0
2708,CEU,现代,0
2709,CEU,现代,0
2710,CEU,现代,0
2711,CEU,现代,0
2712,CEU,现代,0
2713,CEU,现代,0
2714,CEU,现代,0
2715,CEU,现代,0
2716,CEU,现代,0
2717,CEU,现代,0
2718,CEU,现代,0
2719,CEU,现代,0
2720,CEU,现代,0
2721,CEU,现代,0
2722,CEU,现代,0
2723,CEU,现代,0
2724,CEU,现代,0
2725,CEU,现代,0
2726,CEU,现代,0
2727,CEU,现代,0
2728,CEU,现代,0
2729,CEU,现代,0
2730,CEU,现代,0
2731,CEU,现代,0
2732,CEU,现代,0
2733,CEU,现代,0
2734,CEU,现代,0
2735,CEU,现代,0
2736,CEU,现代,0
2737,CEU,现代,0
2738,CEU,现代,0
2739,CEU,现代,0
2740,CEU,现代,0
2741,CEU,现代,0
2742,CEU,现代,0
2743,CEU,现代,0
2744,CEU,现代,0
2745,CEU,现代,0
2746,CEU,现代,0
2747,CEU,现代,0
2748,CEU,现代,0
2749,CEU,现代,0
2750,CEU,现代,0
2751,CEU,古代_近期,5000
2752,CEU,现代,0
2753,CEU,现代,0
2754,CEU,古代_近期,5000
2755,CEU,古代_近期,5000
2756,CEU,现代,0
2757,CEU,现代,0
2758,CEU,现代,0
2759,CEU,现代,0
2760,CEU,现代,0
2761,CEU,现代,0
2762,CEU,现代,0
2763,CEU,现代,0
2764,CEU,现代,0
2765,CEU,现代,0
2766,CEU,现代,0
2767,CEU,现代,0
2768,CEU,现代,0
2769,CEU,现代,0
2770,CEU,现代,0
2771,CEU,现代,0
2772,CEU,现代,0
2773,CEU,现代,0
2774,CEU,现代,0
2775,CEU,现代,0
2776,CEU,现代,0
2777,CEU,现代,0
2778,CEU,现代,0
2779,CEU,现代,0
2780,CEU,现代,0
2781,CEU,现代,0
2782,CEU,现代,0
2783,CEU,现代,0
2784,CEU,现代,0
2785,CEU,现代,0
2786,CEU,现代,0
2787,CEU,现代,0
2788,CEU,现代,0
2789,CEU,现代,0
2790,CEU,现代,0
2791,CEU,现代,0
2792,CEU,现代,0
2793,CEU,古代_近期,5000
2794,CEU,现代,0
2795,CEU,现代,0
2796,CEU,现代,0
2797,CEU,现代,0
2798,CEU,现代,0
2799,CEU,现代,0
2800,CEU,现代,0
2801,CEU,现代,0
2802,CEU,现代,0
2803,CEU,现代,0
2804,CEU,现代,0
2805,CEU,现代,0
2806,CEU,古代_近期,5000
2807,CEU,古代_近期,5000
2808,CEU,现代,0
2809,CEU,现代,0
2810,CEU,古代_远期,25000
2811,CEU,现代,0
2812,CEU,古代_近期,5000
2813,CEU,现代,0
2814,CEU,现代,0
2815,CEU,现代,0
2816,CEU,现代,0
2817,CEU,现代,0
2818,CEU,现代,0
2819,CEU,现代,0
2820,CEU,古代_远期,25000
2821,CEU,现代,0
2822,CEU,现代,0
2823,CEU,现代,0
2824,CEU,古代_远期,25000
2825,CEU,现代,0
2826,CEU,现代,0
2827,CEU,现代,0
2828,CEU,现代,0
2829,CEU,现代,0
2830,CEU,现代,0
2831,CEU,现代,0
2832,CEU,现代,0
2833,CEU,现代,0
2834,CEU,现代,0
2835,CEU,现代,0
2836,CEU,现代,0
2837,CEU,现代,0
2838,CEU,现代,0
2839,CEU,现代,0
2840,CEU,现代,0
2841,CEU,现代,0
2842,CEU,古代_近期,5000
2843,CEU,现代,0
2844,CEU,现代,0
2845,CEU,现代,0
2846,CEU,古代_近期,5000
2847,CEU,现代,0
2848,CEU,现代,0
2849,CEU,现代,0
2850,CEU,现代,0
2851,CEU,现代,0
2852,CEU,现代,0
2853,CEU,现代,0
2854,CEU,古代_近期,5000
2855,CEU,现代,0
2856,CEU,现代,0
2857,CEU,现代,0
2858,CEU,现代,0
2859,CEU,现代,0
2860,CEU,现代,0
2861,CEU,现代,0
2862,CEU,现代,0
2863,CEU,古代_近期,5000
2864,CEU,现代,0
2865,CEU,现代,0
2866,CEU,现代,0
2867,CEU,现代,0
2868,CEU,现代,0
2869,CEU,现代,0
2870,CEU,现代,0
2871,CEU,古代_近期,5000
2872,CEU,现代,0
2873,CEU,现代,0
2874,CEU,现代,0
2875,CEU,现代,0
2876,CEU,现代,0
2877,CEU,现代,0
2878,CEU,现代,0
2879,CEU,现代,0
2880,CEU,现代,0
2881,CEU,现代,0
2882,CEU,现代,0
2883,CEU,现代,0
2884,CEU,现代,0
2885,CEU,现代,0
2886,CEU,现代,0
2887,CEU,现代,0
2888,CEU,现代,0
2889,CEU,现代,0
2890,CEU,现代,0
2891,CEU,现代,0
2892,CEU,古代_近期,5000
2893,CEU,现代,0
2894,CEU,现代,0
2895,CEU,现代,0
2896,CEU,现代,0
2897,CEU,现代,0
2898,CEU,现代,0
2899,CEU,现代,0
2900,CEU,现代,0
2901,CEU,现代,0
2902,CEU,现代,0
2903,CEU,现代,0
2904,CEU,现代,0
2905,CEU,现代,0
2906,CEU,现代,0
2907,CEU,现代,0
2908,CEU,现代,0
2909,CEU,现代,0
2910,CEU,现代,0
2911,CEU,现代,0
2912,CEU,现代,0
2913,CEU,古代_远期,25000
2914,CEU,现代,0
2915,CEU,现代,0
2916,CEU,现代,0
2917,CEU,现代,0
2918,CEU,现代,0
2919,CEU,现代,0
2920,CEU,现代,0
2921,CEU,现代,0
2922,CEU,现代,0
2923,CEU,现代,0
2924,CEU,古代_近期,5000
2925,CEU,现代,0
2926,CEU,现代,0
2927,CEU,现代,0
2928,CEU,现代,0
2929,CEU,现代,0
2930,CEU,现代,0
2931,CEU,现代,0
2932,CEU,现代,0
2933,CEU,现代,0
2934,CEU,古代_远期,25000
2935,CEU,现代,0
2936,CEU,现代,0
2937,CEU,古代_近期,5000
2938,CEU,古代_近期,5000
2939,CEU,现代,0
2940,CEU,现代,0
2941,CEU,现代,0
2942,CEU,现代,0
2943,CEU,现代,0
2944,CEU,现代,0
2945,CEU,现代,0
2946,CEU,现代,0
2947,CEU,现代,0
2948,CEU,现代,0
2949,CEU,古代_远期,25000
2950,CEU,古代_近期,5000
2951,CEU,现代,0
2952,CEU,现代,0
2953,CEU,现代,0
2954,CEU,现代,0
2955,CEU,现代,0
2956,CEU,现代,0
2957,CEU,现代,0
2958,CEU,现代,0
2959,CEU,现代,0
2960,CEU,现代,0
2961,CEU,现代,0
2962,CEU,现代,0
2963,CEU,现代,0
2964,CEU,古代_远期,25000
2965,CEU,现代,0
2966,CEU,现代,0
2967,CEU,现代,0
2968,CEU,现代,0
2969,CEU,古代_近期,5000
2970,CEU,现代,0
2971,CEU,现代,0
2972,CEU,现代,0
2973,CEU,现代,0
2974,CEU,现代,0
2975,CEU,古代_远期,25000
2976,CEU,现代,0
2977,CEU,现代,0
2978,CEU,现代,0
2979,CEU,现代,0
2980,CEU,现代,0
2981,CEU,现代,0
2982,CEU,现代,0
2983,CEU,现代,0
2984,CEU,现代,0
2985,CEU,现代,0
2986,CEU,现代,0
2987,CEU,现代,0
2988,CEU,现代,0
2989,CEU,现代,0
2990,CEU,现代,0
2991,CEU,现代,0
2992,CEU,现代,0
2993,CEU,现代,0
2994,CEU,现代,0
2995,CEU,古代_近期,5000
2996,CEU,现代,0
2997,CEU,现代,0
2998,CEU,现代,0
2999,CEU,现代,0
3000,CEU,现代,0
3001,CEU,古代_远期,25000
3002,CEU,现代,0
3003,CEU,现代,0
3004,CEU,现代,0
3005,CEU,现代,0
3006,CEU,现代,0
3007,CEU,现代,0
3008,CEU,现代,0
3009,CEU,现代,0
3010,CEU,现代,0
3011,CEU,现代,0
3012,CEU,现代,0
3013,CEU,现代,0
3014,CEU,现代,0
3015,CEU,现代,0
3016,CEU,现代,0
3017,CEU,古代_近期,5000
3018,CEU,现代,0
3019,CEU,现代,0
3020,CEU,现代,0
3021,CEU,现代,0
3022,CEU,现代,0
3023,CEU,古代_近期,5000
3024,CEU,现代,0
3025,CEU,现代,0
3026,CEU,现代,0
3027,CEU,现代,0
3028,CEU,现代,0
3029,CEU,现代,0
3030,CEU,现代,0
3031,CEU,现代,0
3032,CEU,现代,0
3033,CEU,现代,0
3034,CEU,现代,0
3035,CEU,现代,0
3036,CEU,现代,0
3037,CEU,现代,0
3038,CEU,现代,0
3039,CEU,现代,0
3040,CEU,现代,0
3041,CEU,古代_近期,5000
3042,CEU,古代_远期,25000
3043,CEU,现代,0
3044,CEU,现代,0
3045,CEU,现代,0
3046,CEU,古代_近期,5000
3047,CEU,现代,0
3048,CEU,现代,0
3049,CEU,现代,0
3050,CEU,现代,0
3051,CEU,现代,0
3052,CEU,现代,0
3053,CEU,现代,0
3054,CEU,现代,0
3055,CEU,现代,0
3056,CEU,现代,0
3057,CEU,现代,0
3058,CEU,现代,0
3059,CEU,现代,0
3060,CEU,现代,0
3061,CEU,现代,0
3062,CEU,现代,0
3063,CEU,现代,0
3064,CEU,现代,0
3065,CEU,现代,0
3066,CEU,现代,0
3067,CEU,现代,0
3068,CEU,现代,0
3069,CEU,古代_远期,25000
3070,CEU,现代,0
3071,CEU,现代,0
3072,CEU,现代,0
3073,CEU,古代_近期,5000
3074,CEU,现代,0
3075,CEU,现代,0
3076,CEU,现代,0
3077,CEU,现代,0
3078,CEU,现代,0
3079,CEU,现代,0
3080,CEU,现代,0
3081,CEU,现代,0
3082,CEU,现代,0
3083,CEU,现代,0
3084,CEU,现代,0
3085,CEU,现代,0
3086,CEU,现代,0
3087,CEU,现代,0
3088,CEU,现代,0
3089,CEU,现代,0
3090,CEU,现代,0
3091,CEU,现代,0
3092,CEU,现代,0
3093,CEU,现代,0
3094,CEU,现代,0
3095,CEU,古代_近期,5000
3096,CEU,现代,0
3097,CEU,现代,0
3098,CEU,现代,0
3099,CEU,现代,0
3100,CEU,现代,0
3101,CEU,现代,0
3102,CEU,现代,0
3103,CEU,现代,0
3104,CEU,古代_近期,5000
3105,CEU,古代_近期,5000
3106,CEU,现代,0
3107,CEU,现代,0
3108,CEU,现代,0
3109,CEU,古代_近期,5000
3110,CEU,古代_远期,25000
3111,CEU,现代,0
3112,CEU,现代,0
3113,CEU,现代,0
3114,CEU,现代,0
3115,CEU,现代,0
3116,CEU,现代,0
3117,CEU,现代,0
3118,CEU,现代,0
3119,CEU,现代,0
3120,CEU,现代,0
3121,CEU,现代,0
3122,CEU,现代,0
3123,CEU,现代,0
3124,CEU,现代,0
3125,CEU,现代,0
3126,CEU,现代,0
3127,CEU,现代,0
3128,CEU,现代,0
3129,CEU,现代,0
3130,CEU,现代,0
3131,CEU,现代,0
3132,CEU,现代,0
3133,CEU,现代,0
3134,CEU,现代,0
3135,CEU,现代,0
3136,CEU,现代,0
3137,CEU,现代,0
3138,CEU,现代,0
3139,CEU,现代,0
3140,CEU,现代,0
3141,CEU,现代,0
3142,CEU,现代,0
3143,CEU,现代,0
3144,CEU,现代,0
3145,CEU,现代,0
3146,CEU,现代,0
3147,CEU,现代,0
3148,CEU,现代,0
3149,CEU,现代,0
3150,CEU,现代,0
3151,CEU,现代,0
3152,CEU,古代_远期,25000
3153,CEU,现代,0
3154,CEU,现代,0
3155,CEU,现代,0
3156,CEU,现代,0
3157,CEU,古代_近期,5000
3158,CEU,现代,0
3159,CEU,现代,0
3160,CEU,现代,0
3161,CEU,现代,0
3162,CEU,现代,0
3163,CEU,现代,0
3164,CEU,古代_近期,5000
3165,CEU,现代,0
3166,CEU,现代,0
3167,CEU,现代,0
3168,CEU,现代,0
3169,CEU,古代_远期,25000
3170,CEU,现代,0
3171,CEU,现代,0
3172,CEU,现代,0
3173,CEU,现代,0
3174,CEU,现代,0
3175,CEU,现代,0
3176,CEU,现代,0
3177,CEU,现代,0
3178,CEU,现代,0
3179,CEU,现代,0
3180,CEU,古代_近期,5000
3181,CEU,现代,0
3182,CEU,现代,0
3183,CEU,现代,0
3184,CEU,现代,0
3185,CEU,现代,0
3186,CEU,现代,0
3187,CEU,现代,0
3188,CEU,现代,0
3189,CEU,现代,0
3190,CEU,现代,0
3191,CEU,现代,0
3192,CEU,现代,0
3193,CEU,古代_远期,25000
3194,CEU,现代,0
3195,CEU,现代,0
3196,CEU,现代,0
3197,CEU,现代,0
3198,CEU,现代,0
3199,CEU,现代,0
3200,CEU,现代,0
3201,CEU,现代,0
3202,CEU,现代,0
3203,CEU,现代,0
3204,CEU,现代,0
3205,CEU,现代,0
3206,CEU,现代,0
3207,CEU,现代,0
3208,CEU,现代,0
3209,CEU,现代,0
3210,CEU,现代,0
3211,CEU,现代,0
3212,CEU,现代,0
3213,CEU,现代,0
3214,CEU,古代_近期,5000
3215,CEU,现代,0
3216,CEU,现代,0
3217,CEU,古代_近期,5000
3218,CEU,现代,0
3219,CEU,现代,0
3220,CEU,现代,0
3221,CEU,现代,0
3222,CEU,现代,0
3223,CEU,现代,0
3224,CEU,现代,0
3225,CEU,现代,0
3226,CEU,古代_近期,5000
3227,CEU,现代,0
3228,CEU,现代,0
3229,CEU,现代,0
3230,CEU,现代,0
3231,CEU,现代,0
3232,CEU,现代,0
3233,CEU,现代,0
3234,CEU,现代,0
3235,CEU,现代,0
3236,CEU,现代,0
3237,CEU,现代,0
3238,CEU,现代,0
3239,CEU,现代,0
3240,CEU,现代,0
3241,CEU,现代,0
3242,CEU,现代,0
3243,CEU,现代,0
3244,CEU,现代,0
3245,CEU,现代,0
3246,CEU,现代,0
3247,CEU,现代,0
3248,CEU,古代_近期,5000
3249,CEU,现代,0
3250,CEU,现代,0
3251,CEU,现代,0
3252,CEU,现代,0
3253,CEU,现代,0
3254,CEU,现代,0
3255,CEU,现代,0
3256,CEU,现代,0
3257,CEU,现代,0
3258,CEU,现代,0
3259,CEU,现代,0
3260,CEU,现代,0
3261,CEU,现代,0
3262,CEU,现代,0
3263,CEU,现代,0
3264,CEU,现代,0
3265,CEU,现代,0
3266,CEU,现代,0
3267,CEU,现代,0
3268,CEU,现代,0
3269,CEU,现代,0
3270,CEU,现代,0
3271,CEU,现代,0
3272,CEU,现代,0
3273,CEU,现代,0
3274,CEU,现代,0
3275,CEU,现代,0
3276,CEU,现代,0
3277,CEU,现代,0
3278,CEU,现代,0
3279,CEU,古代_远期,25000
3280,CEU,现代,0
3281,CEU,现代,0
3282,CEU,现代,0
3283,CEU,现代,0
3284,CEU,现代,0
3285,CEU,现代,0
3286,CEU,现代,0
3287,CEU,现代,0
3288,CEU,现代,0
3289,CEU,现代,0
3290,CEU,现代,0
3291,CEU,现代,0
3292,CEU,现代,0
3293,CEU,现代,0
3294,CEU,现代,0
3295,CEU,古代_远期,25000
3296,CEU,现代,0
3297,CEU,现代,0
3298,CEU,现代,0
3299,CEU,现代,0
3300,CEU,现代,0
3301,CEU,现代,0
3302,CEU,现代,0
3303,CEU,现代,0
3304,CEU,现代,0
3305,CEU,现代,0
3306,CEU,现代,0
3307,CEU,现代,0
3308,CEU,现代,0
3309,CEU,现代,0
3310,CEU,现代,0
3311,CEU,现代,0
3312,CEU,现代,0
3313,CEU,现代,0
3314,CEU,现代,0
3315,CEU,现代,0
3316,CEU,现代,0
3317,CEU,现代,0
3318,CEU,古代_远期,25000
3319,CEU,现代,0
3320,CEU,现代,0
3321,CEU,古代_近期,5000
3322,CEU,现代,0
3323,CEU,现代,0
3324,CEU,现代,0
3325,CEU,现代,0
3326,CEU,现代,0
3327,CEU,现代,0
3328,CEU,现代,0
3329,CEU,现代,0
3330,CEU,现代,0
3331,CEU,古代_近期,5000
3332,CEU,古代_远期,25000
3333,CEU,古代_近期,5000
3334,CEU,现代,0
3335,CEU,现代,0
3336,CEU,现代,0
3337,CEU,现代,0
3338,CEU,现代,0
3339,CEU,现代,0
3340,CEU,现代,0
3341,CEU,现代,0
3342,CEU,现代,0
3343,CEU,现代,0
3344,CEU,现代,0
3345,CEU,古代_远期,25000
3346,CEU,现代,0
3347,CEU,现代,0
3348,CEU,现代,0
3349,CEU,现代,0
3350,CEU,现代,0
3351,CEU,古代_近期,5000
3352,CEU,现代,0
3353,CEU,现代,0
3354,CEU,现代,0
3355,CEU,现代,0
3356,CEU,现代,0
3357,CEU,现代,0
3358,CEU,现代,0
3359,CEU,现代,0
3360,CEU,现代,0
3361,CEU,现代,0
3362,CEU,现代,0
3363,CEU,现代,0
3364,CEU,现代,0
3365,CEU,现代,0
3366,CEU,现代,0
3367,CEU,现代,0
3368,CEU,现代,0
3369,CEU,现代,0
3370,CEU,现代,0
3371,CEU,现代,0
3372,CEU,现代,0
3373,CEU,现代,0
3374,CEU,现代,0
3375,CEU,现代,0
3376,CEU,现代,0
3377,CEU,现代,0
3378,CEU,现代,0
3379,CEU,现代,0
3380,CEU,现代,0
3381,CEU,现代,0
3382,CEU,现代,0
3383,CEU,现代,0
3384,CEU,现代,0
3385,CEU,现代,0
3386,CEU,现代,0
3387,CEU,现代,0
3388,CEU,现代,0
3389,CEU,现代,0
3390,CEU,现代,0
3391,CEU,现代,0
3392,CEU,现代,0
3393,CEU,现代,0
3394,CEU,现代,0
3395,CEU,现代,0
3396,CEU,现代,0
3397,CEU,现代,0
3398,CEU,现代,0
3399,CEU,现代,0
3400,CEU,现代,0
3401,CEU,现代,0
3402,CEU,现代,0
3403,CEU,现代,0
3404,CEU,现代,0
3405,CEU,现代,0
3406,CEU,现代,0
3407,CEU,现代,0
3408,CEU,现代,0
3409,CEU,现代,0
3410,CEU,现代,0
3411,CEU,古代_近期,5000
3412,CEU,现代,0
3413,CEU,现代,0
3414,CEU,现代,0
3415,CEU,现代,0
3416,CEU,现代,0
3417,CEU,现代,0
3418,CEU,现代,0
3419,CEU,古代_近期,5000
3420,CEU,现代,0
3421,CEU,现代,0
3422,CEU,现代,0
3423,CEU,现代,0
3424,CEU,现代,0
3425,CEU,现代,0
3426,CEU,现代,0
3427,CEU,现代,0
3428,CEU,现代,0
3429,CEU,现代,0
3430,CEU,现代,0
3431,CEU,古代_远期,25000
3432,CEU,现代,0
3433,CEU,现代,0
3434,CEU,古代_远期,25000
3435,CEU,古代_远期,25000
3436,CEU,现代,0
3437,CEU,现代,0
3438,CEU,现代,0
3439,CEU,古代_近期,5000
3440,CEU,现代,0
3441,CEU,现代,0
3442,CEU,现代,0
3443,CEU,现代,0
3444,CEU,现代,0
3445,CEU,现代,0
3446,CEU,古代_近期,5000
3447,CEU,现代,0
3448,CEU,现代,0
3449,CEU,现代,0
3450,CEU,现代,0
3451,CEU,现代,0
3452,CEU,现代,0
3453,CEU,现代,0
3454,CEU,现代,0
3455,CEU,现代,0
3456,CEU,现代,0
3457,CEU,现代,0
3458,CEU,现代,0
3459,CEU,现代,0
3460,CEU,现代,0
3461,CEU,现代,0
3462,CEU,现代,0
3463,CEU,现代,0
3464,CEU,现代,0
3465,CEU,现代,0
3466,CEU,现代,0
3467,CEU,现代,0
3468,CEU,现代,0
3469,CEU,现代,0
3470,CEU,现代,0
3471,CEU,现代,0
3472,CEU,现代,0
3473,CEU,现代,0
3474,CEU,现代,0
3475,CEU,现代,0
3476,CEU,现代,0
3477,CEU,现代,0
3478,CEU,现代,0
3479,CEU,现代,0
3480,CEU,现代,0
3481,CEU,现代,0
3482,CEU,现代,0
3483,CEU,现代,0
3484,CEU,现代,0
3485,CEU,现代,0
3486,CEU,现代,0
3487,CEU,现代,0
3488,CEU,现代,0
3489,CEU,现代,0
3490,CEU,现代,0
3491,CEU,现代,0
3492,CEU,现代,0
3493,CEU,古代_远期,25000
3494,CEU,现代,0
3495,CEU,现代,0
3496,CEU,现代,0
3497,CEU,现代,0
3498,CEU,现代,0
3499,CEU,现代,0
3500,CEU,现代,0
3501,CEU,现代,0
3502,CEU,现代,0
3503,CEU,现代,0
3504,CEU,现代,0
3505,CEU,现代,0
3506,CEU,现代,0
3507,CEU,现代,0
3508,CEU,现代,0
3509,CEU,现代,0
3510,CEU,现代,0
3511,CEU,现代,0
3512,CEU,现代,0
3513,CEU,古代_近期,5000
3514,CEU,现代,0
3515,CEU,现代,0
3516,CEU,古代_近期,5000
3517,CEU,现代,0
3518,CEU,现代,0
3519,CEU,现代,0
3520,CEU,现代,0
3521,CEU,现代,0
3522,CEU,现代,0
3523,CEU,现代,0
3524,CEU,现代,0
3525,CEU,现代,0
3526,CEU,现代,0
3527,CEU,现代,0
3528,CEU,现代,0
3529,CEU,古代_近期,5000
3530,CEU,现代,0
3531,CEU,现代,0
3532,CEU,现代,0
3533,CEU,现代,0
3534,CEU,现代,0
3535,CEU,现代,0
3536,CEU,现代,0
3537,CEU,现代,0
3538,CEU,现代,0
3539,CEU,现代,0
3540,CEU,现代,0
3541,CEU,现代,0
3542,CEU,现代,0
3543,CEU,现代,0
3544,CEU,现代,0
3545,CEU,现代,0
3546,CEU,现代,0
3547,CEU,现代,0
3548,CEU,现代,0
3549,CEU,现代,0
3550,CEU,现代,0
3551,CEU,现代,0
3552,CEU,现代,0
3553,CEU,现代,0
3554,CEU,现代,0
3555,CEU,现代,0
3556,CEU,现代,0
3557,CEU,古代_近期,5000
3558,CEU,现代,0
3559,CEU,现代,0
3560,CEU,现代,0
3561,CEU,现代,0
3562,CEU,现代,0
3563,CEU,现代,0
3564,CEU,古代_近期,5000
3565,CEU,现代,0
3566,CEU,古代_远期,25000
3567,CEU,现代,0
3568,CEU,现代,0
3569,CEU,现代,0
3570,CEU,现代,0
3571,CEU,现代,0
3572,CEU,现代,0
3573,CEU,现代,0
3574,CEU,现代,0
3575,CEU,现代,0
3576,CEU,现代,0
3577,CEU,现代,0
3578,CEU,现代,0
3579,CEU,现代,0
3580,CEU,现代,0
3581,CEU,现代,0
3582,CEU,现代,0
3583,CEU,现代,0
3584,CEU,现代,0
3585,CEU,现代,0
3586,CEU,现代,0
3587,CEU,现代,0
3588,CEU,现代,0
3589,CEU,现代,0
3590,CEU,现代,0
3591,CEU,现代,0
3592,CEU,现代,0
3593,CEU,现代,0
3594,CEU,现代,0
3595,CEU,现代,0
3596,CEU,现代,0
3597,CEU,现代,0
3598,CEU,现代,0
3599,CEU,现代,0
3600,CEU,现代,0
3601,CEU,现代,0
3602,CEU,现代,0
3603,CEU,现代,0
3604,CEU,现代,0
3605,CEU,古代_远期,25000
3606,CEU,现代,0
3607,CEU,古代_近期,5000
3608,CEU,现代,0
3609,CEU,现代,0
3610,CEU,现代,0
3611,CEU,现代,0
3612,CEU,古代_近期,5000
3613,CEU,现代,0
3614,CEU,现代,0
3615,CEU,现代,0
3616,CEU,现代,0
3617,CEU,现代,0
3618,CEU,现代,0
3619,CEU,现代,0
3620,CEU,现代,0
3621,CEU,现代,0
3622,CEU,现代,0
3623,CEU,现代,0
3624,CEU,现代,0
3625,CEU,现代,0
3626,CEU,古代_近期,5000
3627,CEU,现代,0
3628,CEU,现代,0
3629,CEU,现代,0
3630,CEU,现代,0
3631,CEU,现代,0
3632,CEU,现代,0
3633,CEU,现代,0
3634,CEU,现代,0
3635,CEU,现代,0
3636,CEU,现代,0
3637,CEU,现代,0
3638,CEU,现代,0
3639,CEU,现代,0
3640,CEU,现代,0
3641,CEU,现代,0
3642,CEU,现代,0
3643,CEU,现代,0
3644,CEU,现代,0
3645,CEU,现代,0
3646,CEU,现代,0
3647,CEU,现代,0
3648,CEU,古代_远期,25000
3649,CEU,现代,0
3650,CEU,现代,0
3651,CEU,现代,0
3652,CEU,现代,0
3653,CEU,现代,0
3654,CEU,古代_远期,25000
3655,CEU,现代,0
3656,CEU,现代,0
3657,CEU,现代,0
3658,CEU,现代,0
3659,CEU,现代,0
3660,CEU,现代,0
3661,CEU,现代,0
3662,CEU,现代,0
3663,CEU,现代,0
3664,CEU,现代,0
3665,CEU,现代,0
3666,CEU,现代,0
3667,CEU,现代,0
3668,CEU,现代,0
3669,CEU,现代,0
3670,CEU,现代,0
3671,CEU,现代,0
3672,CEU,现代,0
3673,CEU,现代,0
3674,CEU,现代,0
3675,CEU,现代,0
3676,CEU,现代,0
3677,CEU,现代,0
3678,CEU,现代,0
3679,CEU,现代,0
3680,CEU,现代,0
3681,CEU,现代,0
3682,CEU,现代,0
3683,CEU,现代,0
3684,CEU,现代,0
3685,CEU,现代,0
3686,CEU,现代,0
3687,CEU,现代,0
3688,CEU,现代,0
3689,CEU,现代,0
3690,CEU,现代,0
3691,CEU,现代,0
3692,CEU,现代,0
3693,CEU,现代,0
3694,CEU,现代,0
3695,CEU,现代,0
3696,CEU,现代,0
3697,CEU,现代,0
3698,CEU,现代,0
3699,CEU,现代,0
3700,CEU,现代,0
3701,CEU,现代,0
3702,CEU,现代,0
3703,CEU,现代,0
3704,CEU,现代,0
3705,CEU,现代,0
3706,CEU,现代,0
3707,CEU,现代,0
3708,CEU,现代,0
3709,CEU,古代_近期,5000
3710,CEU,现代,0
3711,CEU,现代,0
3712,CEU,现代,0
3713,CEU,现代,0
3714,CEU,现代,0
3715,CEU,现代,0
3716,CEU,现代,0
3717,CEU,古代_远期,25000
3718,CEU,现代,0
3719,CEU,现代,0
3720,CEU,现代,0
3721,CEU,现代,0
3722,CEU,现代,0
3723,CEU,现代,0
3724,CEU,现代,0
3725,CEU,现代,0
3726,CEU,现代,0
3727,CEU,现代,0
3728,CEU,现代,0
3729,CEU,古代_远期,25000
3730,CEU,现代,0
3731,CEU,古代_远期,25000
3732,CEU,古代_远期,25000
3733,CEU,现代,0
3734,CEU,现代,0
3735,CEU,现代,0
3736,CEU,古代_近期,5000
3737,CEU,古代_远期,25000
3738,CEU,现代,0
3739,CEU,现代,0
3740,CEU,现代,0
3741,CEU,现代,0
3742,CEU,现代,0
3743,CEU,现代,0
3744,CEU,现代,0
3745,CEU,现代,0
3746,CEU,古代_近期,5000
3747,CEU,现代,0
3748,CEU,现代,0
3749,CEU,古代_远期,25000
3750,CEU,现代,0
3751,CEU,古代_近期,5000
3752,CEU,现代,0
3753,CEU,现代,0
3754,CEU,现代,0
3755,CEU,现代,0
3756,CEU,现代,0
3757,CEU,现代,0
3758,CEU,现代,0
3759,CEU,现代,0
3760,CEU,现代,0
3761,CEU,现代,0
3762,CEU,现代,0
3763,CEU,现代,0
3764,CEU,现代,0
3765,CEU,现代,0
3766,CEU,现代,0
3767,CEU,现代,0
3768,CEU,现代,0
3769,CEU,现代,0
3770,CEU,古代_远期,25000
3771,CEU,现代,0
3772,CEU,现代,0
3773,CEU,现代,0
3774,CEU,现代,0
3775,CEU,现代,0
3776,CEU,现代,0
3777,CEU,现代,0
3778,CEU,古代_近期,5000
3779,CEU,现代,0
3780,CEU,现代,0
3781,CEU,现代,0
3782,CEU,现代,0
3783,CEU,现代,0
3784,CEU,现代,0
3785,CEU,现代,0
3786,CEU,现代,0
3787,CEU,现代,0
3788,CEU,现代,0
3789,CEU,现代,0
3790,CEU,现代,0
3791,CEU,古代_近期,5000
3792,CEU,现代,0
3793,CEU,现代,0
3794,CEU,现代,0
3795,CEU,现代,0
3796,CEU,现代,0
3797,CEU,现代,0
3798,CEU,现代,0
3799,CEU,现代,0
3800,CEU,现代,0
3801,CEU,现代,0
3802,CEU,现代,0
3803,CEU,现代,0
3804,CEU,现代,0
3805,CEU,现代,0
3806,CEU,现代,0
3807,CEU,古代_远期,25000
3808,CEU,现代,0
3809,CEU,现代,0
3810,CEU,现代,0
3811,CEU,现代,0
3812,CEU,现代,0
3813,CEU,现代,0
3814,CEU,现代,0
3815,CEU,现代,0
3816,CEU,现代,0
3817,CEU,现代,0
3818,CEU,现代,0
3819,CEU,现代,0
3820,CEU,现代,0
3821,CEU,现代,0
3822,CEU,现代,0
3823,CEU,现代,0
3824,CEU,现代,0
3825,CEU,现代,0
3826,CEU,古代_近期,5000
3827,CEU,现代,0
3828,CEU,现代,0
3829,CEU,古代_近期,5000
3830,CEU,现代,0
3831,CEU,现代,0
3832,CEU,现代,0
3833,CEU,现代,0
3834,CEU,现代,0
3835,CEU,现代,0
3836,CEU,现代,0
3837,CEU,现代,0
3838,CEU,现代,0
3839,CEU,现代,0
3840,CEU,现代,0
3841,CEU,现代,0
3842,CEU,现代,0
3843,CEU,现代,0
3844,CEU,现代,0
3845,CEU,现代,0
3846,CEU,现代,0
3847,CEU,现代,0
3848,CEU,现代,0
3849,CEU,现代,0
3850,CEU,现代,0
3851,CEU,现代,0
3852,CEU,现代,0
3853,CEU,现代,0
3854,CEU,现代,0
3855,CEU,现代,0
3856,CEU,现代,0
3857,CEU,现代,0
3858,CEU,现代,0
3859,CEU,现代,0
3860,CEU,现代,0
3861,CEU,现代,0
3862,CEU,古代_近期,5000
3863,CEU,现代,0
3864,CEU,现代,0
3865,CEU,现代,0
3866,CEU,现代,0
3867,CEU,古代_近期,5000
3868,CEU,古代_近期,5000
3869,CEU,现代,0
3870,CEU,现代,0
3871,CEU,现代,0
3872,CEU,现代,0
3873,CEU,现代,0
3874,CEU,现代,0
3875,CEU,现代,0
3876,CEU,现代,0
3877,CEU,现代,0
3878,CEU,现代,0
3879,CEU,现代,0
3880,CEU,现代,0
3881,CEU,现代,0
3882,CEU,现代,0
3883,CEU,现代,0
3884,CEU,古代_远期,25000
3885,CEU,现代,0
3886,CEU,现代,0
3887,CEU,现代,0
3888,CEU,现代,0
3889,CEU,现代,0
3890,CEU,现代,0
3891,CEU,现代,0
3892,CEU,现代,0
3893,CEU,现代,0
3894,CEU,现代,0
3895,CEU,现代,0
3896,CEU,现代,0
3897,CEU,现代,0
3898,CEU,现代,0
3899,CEU,现代,0
3900,CEU,现代,0
3901,CEU,现代,0
3902,CEU,现代,0
3903,CEU,古代_远期,25000
3904,CEU,现代,0
3905,CEU,现代,0
3906,CEU,现代,0
3907,CEU,现代,0
3908,CEU,现代,0
3909,CEU,现代,0
3910,CEU,现代,0
3911,CEU,现代,0
3912,CEU,现代,0
3913,CEU,现代,0
3914,CEU,现代,0
3915,CEU,古代_近期,5000
3916,CEU,现代,0
3917,CEU,现代,0
3918,CEU,现代,0
3919,CEU,现代,0
3920,CEU,现代,0
3921,CEU,现代,0
3922,CEU,现代,0
3923,CEU,现代,0
3924,CEU,现代,0
3925,CEU,现代,0
3926,CEU,现代,0
3927,CEU,现代,0
3928,CEU,古代_近期,5000
3929,CEU,现代,0
3930,CEU,现代,0
3931,CEU,现代,0
3932,CEU,现代,0
3933,CEU,现代,0
3934,CEU,现代,0
3935,CEU,现代,0
3936,CEU,古代_近期,5000
3937,CEU,现代,0
3938,CEU,现代,0
3939,CEU,现代,0
3940,CEU,现代,0
3941,CEU,现代,0
3942,CEU,现代,0
3943,CEU,现代,0
3944,CEU,现代,0
3945,CEU,现代,0
3946,CEU,现代,0
3947,CEU,现代,0
3948,CEU,现代,0
3949,CEU,现代,0
3950,CEU,现代,0
3951,CEU,现代,0
3952,CEU,现代,0
3953,CEU,现代,0
3954,CEU,现代,0
3955,CEU,现代,0
3956,CEU,现代,0
3957,CEU,现代,0
3958,CEU,现代,0
3959,CEU,现代,0
3960,CEU,现代,0
3961,CEU,现代,0
3962,CEU,现代,0
3963,CEU,现代,0
3964,CEU,现代,0
3965,CEU,现代,0
3966,CEU,现代,0
3967,CEU,现代,0
3968,CEU,现代,0
3969,CEU,现代,0
3970,CEU,现代,0
3971,CEU,古代_近期,5000
3972,CEU,现代,0
3973,CEU,现代,0
3974,CEU,现代,0
3975,CEU,现代,0
3976,CEU,古代_近期,5000
3977,CEU,现代,0
3978,CEU,现代,0
3979,CEU,现代,0
3980,CEU,现代,0
3981,CEU,现代,0
3982,CEU,现代,0
3983,CEU,现代,0
3984,CEU,现代,0
3985,CEU,现代,0
3986,CEU,现代,0
3987,CEU,现代,0
3988,CEU,现代,0
3989,CEU,现代,0
3990,CEU,现代,0
3991,CEU,现代,0
3992,CEU,现代,0
3993,CEU,现代,0
3994,CEU,现代,0
3995,CEU,现代,0
3996,CEU,现代,0
3997,CEU,现代,0
3998,CEU,现代,0
3999,CEU,现代,0
4000,CHB,现代,0
4001,CHB,现代,0
4002,CHB,现代,0
4003,CHB,现代,0
4004,CHB,现代,0
4005,CHB,现代,0
4006,CHB,古代_近期,5000
4007,CHB,现代,0
4008,CHB,现代,0
4009,CHB,现代,0
4010,CHB,现代,0
4011,CHB,现代,0
4012,CHB,现代,0
4013,CHB,现代,0
4014,CHB,古代_近期,5000
4015,CHB,现代,0
4016,CHB,现代,0
4017,CHB,现代,0
4018,CHB,现代,0
4019,CHB,现代,0
4020,CHB,现代,0
4021,CHB,现代,0
4022,CHB,古代_近期,5000
4023,CHB,古代_远期,25000
4024,CHB,现代,0
4025,CHB,现代,0
4026,CHB,现代,0
4027,CHB,现代,0
4028,CHB,现代,0
4029,CHB,现代,0
4030,CHB,现代,0
4031,CHB,现代,0
4032,CHB,古代_近期,5000
4033,CHB,现代,0
4034,CHB,古代_近期,5000
4035,CHB,现代,0
4036,CHB,古代_远期,25000
4037,CHB,现代,0
4038,CHB,现代,0
4039,CHB,现代,0
4040,CHB,古代_远期,25000
4041,CHB,现代,0
4042,CHB,现代,0
4043,CHB,现代,0
4044,CHB,现代,0
4045,CHB,现代,0
4046,CHB,现代,0
4047,CHB,现代,0
4048,CHB,现代,0
4049,CHB,现代,0
4050,CHB,古代_近期,5000
4051,CHB,现代,0
4052,CHB,现代,0
4053,CHB,现代,0
4054,CHB,现代,0
4055,CHB,现代,0
4056,CHB,现代,0
4057,CHB,现代,0
4058,CHB,现代,0
4059,CHB,现代,0
4060,CHB,现代,0
4061,CHB,现代,0
4062,CHB,现代,0
4063,CHB,现代,0
4064,CHB,现代,0
4065,CHB,现代,0
4066,CHB,古代_近期,5000
4067,CHB,现代,0
4068,CHB,现代,0
4069,CHB,现代,0
4070,CHB,现代,0
4071,CHB,现代,0
4072,CHB,现代,0
4073,CHB,现代,0
4074,CHB,现代,0
4075,CHB,现代,0
4076,CHB,现代,0
4077,CHB,现代,0
4078,CHB,现代,0
4079,CHB,古代_远期,25000
4080,CHB,古代_近期,5000
4081,CHB,现代,0
4082,CHB,现代,0
4083,CHB,现代,0
4084,CHB,现代,0
4085,CHB,现代,0
4086,CHB,现代,0
4087,CHB,现代,0
4088,CHB,现代,0
4089,CHB,现代,0
4090,CHB,现代,0
4091,CHB,现代,0
4092,CHB,现代,0
4093,CHB,现代,0
4094,CHB,现代,0
4095,CHB,现代,0
4096,CHB,现代,0
4097,CHB,现代,0
4098,CHB,现代,0
4099,CHB,现代,0
4100,CHB,现代,0
4101,CHB,古代_近期,5000
4102,CHB,现代,0
4103,CHB,现代,0
4104,CHB,现代,0
4105,CHB,现代,0
4106,CHB,现代,0
4107,CHB,现代,0
4108,CHB,现代,0
4109,CHB,现代,0
4110,CHB,现代,0
4111,CHB,现代,0
4112,CHB,现代,0
4113,CHB,现代,0
4114,CHB,现代,0
4115,CHB,现代,0
4116,CHB,古代_近期,5000
4117,CHB,现代,0
4118,CHB,现代,0
4119,CHB,现代,0
4120,CHB,现代,0
4121,CHB,现代,0
4122,CHB,现代,0
4123,CHB,现代,0
4124,CHB,现代,0
4125,CHB,现代,0
4126,CHB,现代,0
4127,CHB,现代,0
4128,CHB,现代,0
4129,CHB,现代,0
4130,CHB,古代_近期,5000
4131,CHB,现代,0
4132,CHB,古代_远期,25000
4133,CHB,古代_近期,5000
4134,CHB,现代,0
4135,CHB,现代,0
4136,CHB,现代,0
4137,CHB,现代,0
4138,CHB,现代,0
4139,CHB,现代,0
4140,CHB,现代,0
4141,CHB,古代_近期,5000
4142,CHB,现代,0
4143,CHB,现代,0
4144,CHB,现代,0
4145,CHB,现代,0
4146,CHB,现代,0
4147,CHB,现代,0
4148,CHB,现代,0
4149,CHB,现代,0
4150,CHB,现代,0
4151,CHB,现代,0
4152,CHB,现代,0
4153,CHB,现代,0
4154,CHB,现代,0
4155,CHB,现代,0
4156,CHB,古代_远期,25000
4157,CHB,古代_近期,5000
4158,CHB,现代,0
4159,CHB,古代_近期,5000
4160,CHB,现代,0
4161,CHB,现代,0
4162,CHB,现代,0
4163,CHB,现代,0
4164,CHB,现代,0
4165,CHB,现代,0
4166,CHB,现代,0
4167,CHB,古代_远期,25000
4168,CHB,古代_近期,5000
4169,CHB,现代,0
4170,CHB,现代,0
4171,CHB,古代_近期,5000
4172,CHB,现代,0
4173,CHB,现代,0
4174,CHB,现代,0
4175,CHB,现代,0
4176,CHB,现代,0
4177,CHB,现代,0
4178,CHB,现代,0
4179,CHB,现代,0
4180,CHB,现代,0
4181,CHB,现代,0
4182,CHB,现代,0
4183,CHB,现代,0
4184,CHB,现代,0
4185,CHB,现代,0
4186,CHB,现代,0
4187,CHB,现代,0
4188,CHB,现代,0
4189,CHB,现代,0
4190,CHB,现代,0
4191,CHB,现代,0
4192,CHB,现代,0
4193,CHB,现代,0
4194,CHB,现代,0
4195,CHB,现代,0
4196,CHB,现代,0
4197,CHB,现代,0
4198,CHB,现代,0
4199,CHB,古代_远期,25000
4200,CHB,现代,0
4201,CHB,现代,0
4202,CHB,现代,0
4203,CHB,现代,0
4204,CHB,现代,0
4205,CHB,现代,0
4206,CHB,现代,0
4207,CHB,现代,0
4208,CHB,现代,0
4209,CHB,现代,0
4210,CHB,现代,0
4211,CHB,现代,0
4212,CHB,现代,0
4213,CHB,现代,0
4214,CHB,现代,0
4215,CHB,现代,0
4216,CHB,现代,0
4217,CHB,现代,0
4218,CHB,现代,0
4219,CHB,现代,0
4220,CHB,现代,0
4221,CHB,现代,0
4222,CHB,现代,0
4223,CHB,现代,0
4224,CHB,现代,0
4225,CHB,现代,0
4226,CHB,现代,0
4227,CHB,现代,0
4228,CHB,现代,0
4229,CHB,现代,0
4230,CHB,现代,0
4231,CHB,现代,0
4232,CHB,现代,0
4233,CHB,现代,0
4234,CHB,现代,0
4235,CHB,现代,0
4236,CHB,现代,0
4237,CHB,现代,0
4238,CHB,现代,0
4239,CHB,现代,0
4240,CHB,现代,0
4241,CHB,现代,0
4242,CHB,现代,0
4243,CHB,现代,0
4244,CHB,现代,0
4245,CHB,现代,0
4246,CHB,现代,0
4247,CHB,现代,0
4248,CHB,现代,0
4249,CHB,现代,0
4250,CHB,现代,0
4251,CHB,现代,0
4252,CHB,现代,0
4253,CHB,现代,0
4254,CHB,现代,0
4255,CHB,现代,0
4256,CHB,古代_远期,25000
4257,CHB,现代,0
4258,CHB,现代,0
4259,CHB,现代,0
4260,CHB,现代,0
4261,CHB,现代,0
4262,CHB,现代,0
4263,CHB,现代,0
4264,CHB,现代,0
4265,CHB,现代,0
4266,CHB,现代,0
4267,CHB,现代,0
4268,CHB,现代,0
4269,CHB,现代,0
4270,CHB,现代,0
4271,CHB,现代,0
4272,CHB,现代,0
4273,CHB,现代,0
4274,CHB,现代,0
4275,CHB,现代,0
4276,CHB,现代,0
4277,CHB,现代,0
4278,CHB,现代,0
4279,CHB,现代,0
4280,CHB,现代,0
4281,CHB,现代,0
4282,CHB,现代,0
4283,CHB,现代,0
4284,CHB,古代_近期,5000
4285,CHB,现代,0
4286,CHB,现代,0
4287,CHB,现代,0
4288,CHB,现代,0
4289,CHB,现代,0
4290,CHB,现代,0
4291,CHB,现代,0
4292,CHB,现代,0
4293,CHB,现代,0
4294,CHB,现代,0
4295,CHB,现代,0
4296,CHB,现代,0
4297,CHB,古代_近期,5000
4298,CHB,现代,0
4299,CHB,现代,0
4300,CHB,现代,0
4301,CHB,现代,0
4302,CHB,现代,0
4303,CHB,古代_近期,5000
4304,CHB,现代,0
4305,CHB,现代,0
4306,CHB,现代,0
4307,CHB,现代,0
4308,CHB,现代,0
4309,CHB,现代,0
4310,CHB,现代,0
4311,CHB,现代,0
4312,CHB,现代,0
4313,CHB,现代,0
4314,CHB,现代,0
4315,CHB,现代,0
4316,CHB,现代,0
4317,CHB,古代_近期,5000
4318,CHB,现代,0
4319,CHB,古代_近期,5000
4320,CHB,现代,0
4321,CHB,现代,0
4322,CHB,现代,0
4323,CHB,现代,0
4324,CHB,古代_近期,5000
4325,CHB,古代_远期,25000
4326,CHB,现代,0
4327,CHB,现代,0
4328,CHB,现代,0
4329,CHB,现代,0
4330,CHB,现代,0
4331,CHB,现代,0
4332,CHB,现代,0
4333,CHB,现代,0
4334,CHB,现代,0
4335,CHB,现代,0
4336,CHB,现代,0
4337,CHB,现代,0
4338,CHB,现代,0
4339,CHB,现代,0
4340,CHB,现代,0
4341,CHB,现代,0
4342,CHB,现代,0
4343,CHB,古代_近期,5000
4344,CHB,现代,0
4345,CHB,现代,0
4346,CHB,古代_近期,5000
4347,CHB,现代,0
4348,CHB,现代,0
4349,CHB,现代,0
4350,CHB,现代,0
4351,CHB,现代,0
4352,CHB,古代_近期,5000
4353,CHB,现代,0
4354,CHB,现代,0
4355,CHB,现代,0
4356,CHB,现代,0
4357,CHB,现代,0
4358,CHB,现代,0
4359,CHB,现代,0
4360,CHB,现代,0
4361,CHB,现代,0
4362,CHB,现代,0
4363,CHB,现代,0
4364,CHB,现代,0
4365,CHB,现代,0
4366,CHB,现代,0
4367,CHB,现代,0
4368,CHB,现代,0
4369,CHB,现代,0
4370,CHB,现代,0
4371,CHB,古代_远期,25000
4372,CHB,现代,0
4373,CHB,现代,0
4374,CHB,现代,0
4375,CHB,现代,0
4376,CHB,现代,0
4377,CHB,现代,0
4378,CHB,现代,0
4379,CHB,现代,0
4380,CHB,现代,0
4381,CHB,现代,0
4382,CHB,现代,0
4383,CHB,现代,0
4384,CHB,现代,0
4385,CHB,现代,0
4386,CHB,现代,0
4387,CHB,现代,0
4388,CHB,现代,0
4389,CHB,现代,0
4390,CHB,现代,0
4391,CHB,现代,0
4392,CHB,现代,0
4393,CHB,现代,0
4394,CHB,现代,0
4395,CHB,现代,0
4396,CHB,现代,0
4397,CHB,现代,0
4398,CHB,现代,0
4399,CHB,现代,0
4400,CHB,现代,0
4401,CHB,古代_远期,25000
4402,CHB,现代,0
4403,CHB,现代,0
4404,CHB,现代,0
4405,CHB,现代,0
4406,CHB,现代,0
4407,CHB,现代,0
4408,CHB,现代,0
4409,CHB,现代,0
4410,CHB,古代_近期,5000
4411,CHB,现代,0
4412,CHB,现代,0
4413,CHB,现代,0
4414,CHB,现代,0
4415,CHB,现代,0
4416,CHB,现代,0
4417,CHB,现代,0
4418,CHB,现代,0
4419,CHB,现代,0
4420,CHB,现代,0
4421,CHB,现代,0
4422,CHB,古代_近期,5000
4423,CHB,现代,0
4424,CHB,现代,0
4425,CHB,现代,0
4426,CHB,现代,0
4427,CHB,现代,0
4428,CHB,现代,0
4429,CHB,现代,0
4430,CHB,现代,0
4431,CHB,古代_近期,5000
4432,CHB,现代,0
4433,CHB,现代,0
4434,CHB,现代,0
4435,CHB,现代,0
4436,CHB,现代,0
4437,CHB,现代,0
4438,CHB,现代,0
4439,CHB,现代,0
4440,CHB,古代_近期,5000
4441,CHB,现代,0
4442,CHB,现代,0
4443,CHB,现代,0
4444,CHB,现代,0
4445,CHB,现代,0
4446,CHB,现代,0
4447,CHB,现代,0
4448,CHB,现代,0
4449,CHB,现代,0
4450,CHB,现代,0
4451,CHB,现代,0
4452,CHB,现代,0
4453,CHB,古代_近期,5000
4454,CHB,现代,0
4455,CHB,现代,0
4456,CHB,现代,0
4457,CHB,现代,0
4458,CHB,现代,0
4459,CHB,现代,0
4460,CHB,古代_远期,25000
4461,CHB,现代,0
4462,CHB,古代_近期,5000
4463,CHB,现代,0
4464,CHB,现代,0
4465,CHB,现代,0
4466,CHB,现代,0
4467,CHB,现代,0
4468,CHB,现代,0
4469,CHB,现代,0
4470,CHB,现代,0
4471,CHB,现代,0
4472,CHB,现代,0
4473,CHB,现代,0
4474,CHB,现代,0
4475,CHB,古代_近期,5000
4476,CHB,现代,0
4477,CHB,现代,0
4478,CHB,现代,0
4479,CHB,现代,0
4480,CHB,现代,0
4481,CHB,现代,0
4482,CHB,现代,0
4483,CHB,古代_近期,5000
4484,CHB,现代,0
4485,CHB,现代,0
4486,CHB,现代,0
4487,CHB,现代,0
4488,CHB,现代,0
4489,CHB,现代,0
4490,CHB,现代,0
4491,CHB,现代,0
4492,CHB,现代,0
4493,CHB,现代,0
4494,CHB,现代,0
4495,CHB,现代,0
4496,CHB,现代,0
4497,CHB,现代,0
4498,CHB,现代,0
4499,CHB,现代,0
4500,CHB,现代,0
4501,CHB,现代,0
4502,CHB,现代,0
4503,CHB,现代,0
4504,CHB,现代,0
4505,CHB,现代,0
4506,CHB,现代,0
4507,CHB,现代,0
4508,CHB,现代,0
4509,CHB,现代,0
4510,CHB,现代,0
4511,CHB,现代,0
4512,CHB,古代_近期,5000
4513,CHB,现代,0
4514,CHB,现代,0
4515,CHB,现代,0
4516,CHB,现代,0
4517,CHB,现代,0
4518,CHB,现代,0
4519,CHB,现代,0
4520,CHB,现代,0
4521,CHB,现代,0
4522,CHB,现代,0
4523,CHB,现代,0
4524,CHB,现代,0
4525,CHB,现代,0
4526,CHB,现代,0
4527,CHB,现代,0
4528,CHB,现代,0
4529,CHB,现代,0
4530,CHB,现代,0
4531,CHB,现代,0
4532,CHB,现代,0
4533,CHB,现代,0
4534,CHB,现代,0
4535,CHB,现代,0
4536,CHB,现代,0
4537,CHB,现代,0
4538,CHB,现代,0
4539,CHB,现代,0
4540,CHB,现代,0
4541,CHB,现代,0
4542,CHB,现代,0
4543,CHB,现代,0
4544,CHB,现代,0
4545,CHB,现代,0
4546,CHB,现代,0
4547,CHB,古代_近期,5000
4548,CHB,现代,0
4549,CHB,现代,0
4550,CHB,现代,0
4551,CHB,现代,0
4552,CHB,现代,0
4553,CHB,古代_远期,25000
4554,CHB,现代,0
4555,CHB,现代,0
4556,CHB,现代,0
4557,CHB,现代,0
4558,CHB,现代,0
4559,CHB,现代,0
4560,CHB,现代,0
4561,CHB,现代,0
4562,CHB,现代,0
4563,CHB,现代,0
4564,CHB,现代,0
4565,CHB,现代,0
4566,CHB,现代,0
4567,CHB,现代,0
4568,CHB,现代,0
4569,CHB,现代,0
4570,CHB,现代,0
4571,CHB,古代_远期,25000
4572,CHB,现代,0
4573,CHB,现代,0
4574,CHB,现代,0
4575,CHB,古代_近期,5000
4576,CHB,现代,0
4577,CHB,现代,0
4578,CHB,现代,0
4579,CHB,现代,0
4580,CHB,现代,0
4581,CHB,现代,0
4582,CHB,现代,0
4583,CHB,现代,0
4584,CHB,现代,0
4585,CHB,现代,0
4586,CHB,现代,0
4587,CHB,现代,0
4588,CHB,现代,0
4589,CHB,现代,0
4590,CHB,现代,0
4591,CHB,古代_远期,25000
4592,CHB,现代,0
4593,CHB,现代,0
4594,CHB,现代,0
4595,CHB,现代,0
4596,CHB,现代,0
4597,CHB,现代,0
4598,CHB,现代,0
4599,CHB,现代,0
4600,CHB,现代,0
4601,CHB,现代,0
4602,CHB,现代,0
4603,CHB,现代,0
4604,CHB,现代,0
4605,CHB,现代,0
4606,CHB,现代,0
4607,CHB,现代,0
4608,CHB,现代,0
4609,CHB,现代,0
4610,CHB,现代,0
4611,CHB,现代,0
4612,CHB,现代,0
4613,CHB,现代,0
4614,CHB,现代,0
4615,CHB,现代,0
4616,CHB,现代,0
4617,CHB,现代,0
4618,CHB,现代,0
4619,CHB,现代,0
4620,CHB,现代,0
4621,CHB,现代,0
4622,CHB,古代_近期,5000
4623,CHB,现代,0
4624,CHB,现代,0
4625,CHB,现代,0
4626,CHB,现代,0
4627,CHB,现代,0
4628,CHB,现代,0
4629,CHB,现代,0
4630,CHB,现代,0
4631,CHB,现代,0
4632,CHB,现代,0
4633,CHB,现代,0
4634,CHB,现代,0
4635,CHB,现代,0
4636,CHB,现代,0
4637,CHB,现代,0
4638,CHB,现代,0
4639,CHB,现代,0
4640,CHB,现代,0
4641,CHB,现代,0
4642,CHB,现代,0
4643,CHB,现代,0
4644,CHB,现代,0
4645,CHB,现代,0
4646,CHB,现代,0
4647,CHB,现代,0
4648,CHB,现代,0
4649,CHB,现代,0
4650,CHB,现代,0
4651,CHB,现代,0
4652,CHB,现代,0
4653,CHB,现代,0
4654,CHB,现代,0
4655,CHB,古代_远期,25000
4656,CHB,现代,0
4657,CHB,现代,0
4658,CHB,现代,0
4659,CHB,现代,0
4660,CHB,现代,0
4661,CHB,现代,0
4662,CHB,现代,0
4663,CHB,现代,0
4664,CHB,现代,0
4665,CHB,现代,0
4666,CHB,现代,0
4667,CHB,现代,0
4668,CHB,现代,0
4669,CHB,现代,0
4670,CHB,现代,0
4671,CHB,现代,0
4672,CHB,现代,0
4673,CHB,现代,0
4674,CHB,现代,0
4675,CHB,现代,0
4676,CHB,现代,0
4677,CHB,现代,0
4678,CHB,现代,0
4679,CHB,现代,0
4680,CHB,现代,0
4681,CHB,现代,0
4682,CHB,现代,0
4683,CHB,现代,0
4684,CHB,现代,0
4685,CHB,现代,0
4686,CHB,现代,0
4687,CHB,现代,0
4688,CHB,现代,0
4689,CHB,现代,0
4690,CHB,现代,0
4691,CHB,现代,0
4692,CHB,现代,0
4693,CHB,现代,0
4694,CHB,现代,0
4695,CHB,现代,0
4696,CHB,现代,0
4697,CHB,古代_近期,5000
4698,CHB,现代,0
4699,CHB,现代,0
4700,CHB,现代,0
4701,CHB,现代,0
4702,CHB,现代,0
4703,CHB,古代_近期,5000
4704,CHB,现代,0
4705,CHB,古代_远期,25000
4706,CHB,现代,0
4707,CHB,现代,0
4708,CHB,现代,0
4709,CHB,现代,0
4710,CHB,现代,0
4711,CHB,现代,0
4712,CHB,现代,0
4713,CHB,现代,0
4714,CHB,现代,0
4715,CHB,现代,0
4716,CHB,古代_远期,25000
4717,CHB,现代,0
4718,CHB,现代,0
4719,CHB,现代,0
4720,CHB,现代,0
4721,CHB,现代,0
4722,CHB,古代_远期,25000
4723,CHB,现代,0
4724,CHB,现代,0
4725,CHB,现代,0
4726,CHB,现代,0
4727,CHB,现代,0
4728,CHB,现代,0
4729,CHB,现代,0
4730,CHB,现代,0
4731,CHB,现代,0
4732,CHB,现代,0
4733,CHB,现代,0
4734,CHB,现代,0
4735,CHB,现代,0
4736,CHB,现代,0
4737,CHB,现代,0
4738,CHB,现代,0
4739,CHB,现代,0
4740,CHB,现代,0
4741,CHB,现代,0
4742,CHB,现代,0
4743,CHB,现代,0
4744,CHB,现代,0
4745,CHB,现代,0
4746,CHB,现代,0
4747,CHB,现代,0
4748,CHB,现代,0
4749,CHB,现代,0
4750,CHB,现代,0
4751,CHB,古代_近期,5000
4752,CHB,现代,0
4753,CHB,现代,0
4754,CHB,现代,0
4755,CHB,古代_近期,5000
4756,CHB,现代,0
4757,CHB,现代,0
4758,CHB,现代,0
4759,CHB,现代,0
4760,CHB,现代,0
4761,CHB,现代,0
4762,CHB,现代,0
4763,CHB,现代,0
4764,CHB,古代_近期,5000
4765,CHB,现代,0
4766,CHB,现代,0
4767,CHB,现代,0
4768,CHB,现代,0
4769,CHB,现代,0
4770,CHB,现代,0
4771,CHB,现代,0
4772,CHB,现代,0
4773,CHB,现代,0
4774,CHB,现代,0
4775,CHB,现代,0
4776,CHB,现代,0
4777,CHB,现代,0
4778,CHB,现代,0
4779,CHB,现代,0
4780,CHB,现代,0
4781,CHB,现代,0
4782,CHB,现代,0
4783,CHB,现代,0
4784,CHB,现代,0
4785,CHB,现代,0
4786,CHB,现代,0
4787,CHB,现代,0
4788,CHB,现代,0
4789,CHB,现代,0
4790,CHB,现代,0
4791,CHB,现代,0
4792,CHB,古代_近期,5000
4793,CHB,现代,0
4794,CHB,现代,0
4795,CHB,现代,0
4796,CHB,现代,0
4797,CHB,现代,0
4798,CHB,现代,0
4799,CHB,现代,0
4800,CHB,现代,0
4801,CHB,现代,0
4802,CHB,现代,0
4803,CHB,现代,0
4804,CHB,现代,0
4805,CHB,现代,0
4806,CHB,现代,0
4807,CHB,现代,0
4808,CHB,现代,0
4809,CHB,现代,0
4810,CHB,现代,0
4811,CHB,现代,0
4812,CHB,古代_近期,5000
4813,CHB,现代,0
4814,CHB,现代,0
4815,CHB,现代,0
4816,CHB,现代,0
4817,CHB,现代,0
4818,CHB,现代,0
4819,CHB,现代,0
4820,CHB,现代,0
4821,CHB,现代,0
4822,CHB,现代,0
4823,CHB,现代,0
4824,CHB,现代,0
4825,CHB,现代,0
4826,CHB,现代,0
4827,CHB,现代,0
4828,CHB,现代,0
4829,CHB,现代,0
4830,CHB,现代,0
4831,CHB,现代,0
4832,CHB,现代,0
4833,CHB,现代,0
4834,CHB,现代,0
4835,CHB,现代,0
4836,CHB,古代_近期,5000
4837,CHB,现代,0
4838,CHB,现代,0
4839,CHB,现代,0
4840,CHB,现代,0
4841,CHB,现代,0
4842,CHB,现代,0
4843,CHB,现代,0
4844,CHB,古代_远期,25000
4845,CHB,现代,0
4846,CHB,古代_近期,5000
4847,CHB,现代,0
4848,CHB,现代,0
4849,CHB,古代_近期,5000
4850,CHB,现代,0
4851,CHB,现代,0
4852,CHB,现代,0
4853,CHB,古代_远期,25000
4854,CHB,现代,0
4855,CHB,现代,0
4856,CHB,现代,0
4857,CHB,现代,0
4858,CHB,现代,0
4859,CHB,现代,0
4860,CHB,现代,0
4861,CHB,古代_近期,5000
4862,CHB,现代,0
4863,CHB,现代,0
4864,CHB,现代,0
4865,CHB,现代,0
4866,CHB,现代,0
4867,CHB,现代,0
4868,CHB,现代,0
4869,CHB,现代,0
4870,CHB,古代_远期,25000
4871,CHB,现代,0
4872,CHB,古代_近期,5000
4873,CHB,现代,0
4874,CHB,现代,0
4875,CHB,现代,0
4876,CHB,现代,0
4877,CHB,现代,0
4878,CHB,古代_远期,25000
4879,CHB,现代,0
4880,CHB,现代,0
4881,CHB,现代,0
4882,CHB,现代,0
4883,CHB,现代,0
4884,CHB,现代,0
4885,CHB,现代,0
4886,CHB,现代,0
4887,CHB,现代,0
4888,CHB,现代,0
4889,CHB,现代,0
4890,CHB,现代,0
4891,CHB,古代_近期,5000
4892,CHB,现代,0
4893,CHB,现代,0
4894,CHB,现代,0
4895,CHB,现代,0
4896,CHB,现代,0
4897,CHB,现代,0
4898,CHB,现代,0
4899,CHB,现代,0
4900,CHB,现代,0
4901,CHB,现代,0
4902,CHB,现代,0
4903,CHB,现代,0
4904,CHB,现代,0
4905,CHB,现代,0
4906,CHB,现代,0
4907,CHB,现代,0
4908,CHB,现代,0
4909,CHB,现代,0
4910,CHB,现代,0
4911,CHB,现代,0
4912,CHB,现代,0
4913,CHB,现代,0
4914,CHB,现代,0
4915,CHB,现代,0
4916,CHB,现代,0
4917,CHB,现代,0
4918,CHB,现代,0
4919,CHB,现代,0
4920,CHB,现代,0
4921,CHB,现代,0
4922,CHB,现代,0
4923,CHB,现代,0
4924,CHB,现代,0
4925,CHB,现代,0
4926,CHB,现代,0
4927,CHB,现代,0
4928,CHB,现代,0
4929,CHB,现代,0
4930,CHB,现代,0
4931,CHB,现代,0
4932,CHB,现代,0
4933,CHB,现代,0
4934,CHB,现代,0
4935,CHB,现代,0
4936,CHB,现代,0
4937,CHB,现代,0
4938,CHB,现代,0
4939,CHB,现代,0
4940,CHB,现代,0
4941,CHB,现代,0
4942,CHB,现代,0
4943,CHB,现代,0
4944,CHB,现代,0
4945,CHB,现代,0
4946,CHB,现代,0
4947,CHB,现代,0
4948,CHB,现代,0
4949,CHB,现代,0
4950,CHB,现代,0
4951,CHB,现代,0
4952,CHB,现代,0
4953,CHB,现代,0
4954,CHB,现代,0
4955,CHB,古代_近期,5000
4956,CHB,现代,0
4957,CHB,现代,0
4958,CHB,现代,0
4959,CHB,现代,0
4960,CHB,现代,0
4961,CHB,现代,0
4962,CHB,现代,0
4963,CHB,现代,0
4964,CHB,现代,0
4965,CHB,现代,0
4966,CHB,现代,0
4967,CHB,现代,0
4968,CHB,现代,0
4969,CHB,现代,0
4970,CHB,现代,0
4971,CHB,现代,0
4972,CHB,现代,0
4973,CHB,现代,0
4974,CHB,现代,0
4975,CHB,现代,0
4976,CHB,现代,0
4977,CHB,现代,0
4978,CHB,现代,0
4979,CHB,现代,0
4980,CHB,现代,0
4981,CHB,现代,0
4982,CHB,现代,0
4983,CHB,现代,0
4984,CHB,现代,0
4985,CHB,古代_近期,5000
4986,CHB,古代_近期,5000
4987,CHB,现代,0
4988,CHB,现代,0
4989,CHB,现代,0
4990,CHB,现代,0
4991,CHB,现代,0
4992,CHB,现代,0
4993,CHB,现代,0
4994,CHB,现代,0
4995,CHB,古代_远期,25000
4996,CHB,现代,0
4997,CHB,现代,0
4998,CHB,现代,0
4999,CHB,现代,0
5000,CHB,现代,0
5001,CHB,现代,0
5002,CHB,现代,0
5003,CHB,现代,0
5004,CHB,古代_远期,25000
5005,CHB,现代,0
5006,CHB,现代,0
5007,CHB,现代,0
5008,CHB,现代,0
5009,CHB,现代,0
5010,CHB,现代,0
5011,CHB,现代,0
5012,CHB,古代_远期,25000
5013,CHB,现代,0
5014,CHB,现代,0
5015,CHB,现代,0
5016,CHB,现代,0
5017,CHB,现代,0
5018,CHB,现代,0
5019,CHB,现代,0
5020,CHB,现代,0
5021,CHB,现代,0
5022,CHB,现代,0
5023,CHB,现代,0
5024,CHB,现代,0
5025,CHB,现代,0
5026,CHB,现代,0
5027,CHB,现代,0
5028,CHB,现代,0
5029,CHB,现代,0
5030,CHB,现代,0
5031,CHB,现代,0
5032,CHB,现代,0
5033,CHB,古代_近期,5000
5034,CHB,现代,0
5035,CHB,现代,0
5036,CHB,现代,0
5037,CHB,现代,0
5038,CHB,现代,0
5039,CHB,现代,0
5040,CHB,现代,0
5041,CHB,现代,0
5042,CHB,现代,0
5043,CHB,古代_近期,5000
5044,CHB,古代_远期,25000
5045,CHB,现代,0
5046,CHB,现代,0
5047,CHB,现代,0
5048,CHB,现代,0
5049,CHB,现代,0
5050,CHB,古代_近期,5000
5051,CHB,现代,0
5052,CHB,现代,0
5053,CHB,现代,0
5054,CHB,现代,0
5055,CHB,古代_近期,5000
5056,CHB,现代,0
5057,CHB,现代,0
5058,CHB,现代,0
5059,CHB,现代,0
5060,CHB,现代,0
5061,CHB,现代,0
5062,CHB,现代,0
5063,CHB,现代,0
5064,CHB,现代,0
5065,CHB,现代,0
5066,CHB,现代,0
5067,CHB,现代,0
5068,CHB,现代,0
5069,CHB,现代,0
5070,CHB,现代,0
5071,CHB,现代,0
5072,CHB,现代,0
5073,CHB,现代,0
5074,CHB,现代,0
5075,CHB,现代,0
5076,CHB,现代,0
5077,CHB,现代,0
5078,CHB,现代,0
5079,CHB,现代,0
5080,CHB,现代,0
5081,CHB,现代,0
5082,CHB,现代,0
5083,CHB,现代,0
5084,CHB,现代,0
5085,CHB,现代,0
5086,CHB,现代,0
5087,CHB,现代,0
5088,CHB,现代,0
5089,CHB,古代_近期,5000
5090,CHB,古代_远期,25000
5091,CHB,现代,0
5092,CHB,现代,0
5093,CHB,现代,0
5094,CHB,现代,0
5095,CHB,现代,0
5096,CHB,现代,0
5097,CHB,现代,0
5098,CHB,古代_远期,25000
5099,CHB,现代,0
5100,CHB,现代,0
5101,CHB,现代,0
5102,CHB,现代,0
5103,CHB,古代_近期,5000
5104,CHB,现代,0
5105,CHB,现代,0
5106,CHB,现代,0
5107,CHB,现代,0
5108,CHB,现代,0
5109,CHB,现代,0
5110,CHB,现代,0
5111,CHB,现代,0
5112,CHB,现代,0
5113,CHB,现代,0
5114,CHB,现代,0
5115,CHB,现代,0
5116,CHB,现代,0
5117,CHB,现代,0
5118,CHB,现代,0
5119,CHB,现代,0
5120,CHB,现代,0
5121,CHB,现代,0
5122,CHB,现代,0
5123,CHB,现代,0
5124,CHB,古代_近期,5000
5125,CHB,现代,0
5126,CHB,现代,0
5127,CHB,现代,0
5128,CHB,古代_近期,5000
5129,CHB,现代,0
5130,CHB,现代,0
5131,CHB,现代,0
5132,CHB,现代,0
5133,CHB,现代,0
5134,CHB,现代,0
5135,CHB,现代,0
5136,CHB,现代,0
5137,CHB,古代_远期,25000
5138,CHB,现代,0
5139,CHB,现代,0
5140,CHB,现代,0
5141,CHB,现代,0
5142,CHB,现代,0
5143,CHB,现代,0
5144,CHB,现代,0
5145,CHB,现代,0
5146,CHB,现代,0
5147,CHB,现代,0
5148,CHB,古代_近期,5000
5149,CHB,现代,0
5150,CHB,现代,0
5151,CHB,现代,0
5152,CHB,现代,0
5153,CHB,现代,0
5154,CHB,现代,0
5155,CHB,现代,0
5156,CHB,现代,0
5157,CHB,现代,0
5158,CHB,古代_远期,25000
5159,CHB,古代_远期,25000
5160,CHB,现代,0
5161,CHB,现代,0
5162,CHB,现代,0
5163,CHB,现代,0
5164,CHB,现代,0
5165,CHB,古代_远期,25000
5166,CHB,现代,0
5167,CHB,现代,0
5168,CHB,现代,0
5169,CHB,现代,0
5170,CHB,现代,0
5171,CHB,现代,0
5172,CHB,现代,0
5173,CHB,现代,0
5174,CHB,现代,0
5175,CHB,现代,0
5176,CHB,现代,0
5177,CHB,现代,0
5178,CHB,现代,0
5179,CHB,现代,0
5180,CHB,现代,0
5181,CHB,现代,0
5182,CHB,现代,0
5183,CHB,现代,0
5184,CHB,现代,0
5185,CHB,古代_近期,5000
5186,CHB,古代_近期,5000
5187,CHB,现代,0
5188,CHB,现代,0
5189,CHB,现代,0
5190,CHB,现代,0
5191,CHB,现代,0
5192,CHB,现代,0
5193,CHB,现代,0
5194,CHB,现代,0
5195,CHB,现代,0
5196,CHB,现代,0
5197,CHB,古代_远期,25000
5198,CHB,现代,0
5199,CHB,现代,0
5200,CHB,现代,0
5201,CHB,现代,0
5202,CHB,现代,0
5203,CHB,现代,0
5204,CHB,现代,0
5205,CHB,现代,0
5206,CHB,现代,0
5207,CHB,现代,0
5208,CHB,现代,0
5209,CHB,现代,0
5210,CHB,现代,0
5211,CHB,现代,0
5212,CHB,现代,0
5213,CHB,现代,0
5214,CHB,现代,0
5215,CHB,现代,0
5216,CHB,现代,0
5217,CHB,现代,0
5218,CHB,现代,0
5219,CHB,现代,0
5220,CHB,现代,0
5221,CHB,现代,0
5222,CHB,现代,0
5223,CHB,现代,0
5224,CHB,古代_近期,5000
5225,CHB,现代,0
5226,CHB,现代,0
5227,CHB,现代,0
5228,CHB,现代,0
5229,CHB,现代,0
5230,CHB,现代,0
5231,CHB,现代,0
5232,CHB,现代,0
5233,CHB,现代,0
5234,CHB,现代,0
5235,CHB,古代_近期,5000
5236,CHB,现代,0
5237,CHB,现代,0
5238,CHB,现代,0
5239,CHB,现代,0
5240,CHB,现代,0
5241,CHB,现代,0
5242,CHB,现代,0
5243,CHB,现代,0
5244,CHB,现代,0
5245,CHB,现代,0
5246,CHB,现代,0
5247,CHB,现代,0
5248,CHB,现代,0
5249,CHB,现代,0
5250,CHB,现代,0
5251,CHB,现代,0
5252,CHB,现代,0
5253,CHB,现代,0
5254,CHB,现代,0
5255,CHB,现代,0
5256,CHB,现代,0
5257,CHB,现代,0
5258,CHB,现代,0
5259,CHB,现代,0
5260,CHB,现代,0
5261,CHB,现代,0
5262,CHB,现代,0
5263,CHB,现代,0
5264,CHB,现代,0
5265,CHB,现代,0
5266,CHB,现代,0
5267,CHB,现代,0
5268,CHB,现代,0
5269,CHB,现代,0
5270,CHB,现代,0
5271,CHB,现代,0
5272,CHB,现代,0
5273,CHB,现代,0
5274,CHB,现代,0
5275,CHB,现代,0
5276,CHB,现代,0
5277,CHB,现代,0
5278,CHB,现代,0
5279,CHB,现代,0
5280,CHB,现代,0
5281,CHB,现代,0
5282,CHB,古代_远期,25000
5283,CHB,现代,0
5284,CHB,现代,0
5285,CHB,现代,0
5286,CHB,现代,0
5287,CHB,古代_近期,5000
5288,CHB,现代,0
5289,CHB,现代,0
5290,CHB,现代,0
5291,CHB,现代,0
5292,CHB,现代,0
5293,CHB,现代,0
5294,CHB,现代,0
5295,CHB,现代,0
5296,CHB,现代,0
5297,CHB,现代,0
5298,CHB,现代,0
5299,CHB,现代,0
5300,CHB,现代,0
5301,CHB,现代,0
5302,CHB,古代_近期,5000
5303,CHB,现代,0
5304,CHB,现代,0
5305,CHB,现代,0
5306,CHB,现代,0
5307,CHB,现代,0
5308,CHB,现代,0
5309,CHB,现代,0
5310,CHB,现代,0
5311,CHB,现代,0
5312,CHB,现代,0
5313,CHB,现代,0
5314,CHB,现代,0
5315,CHB,古代_远期,25000
5316,CHB,现代,0
5317,CHB,现代,0
5318,CHB,现代,0
5319,CHB,现代,0
5320,CHB,现代,0
5321,CHB,现代,0
5322,CHB,现代,0
5323,CHB,古代_远期,25000
5324,CHB,古代_近期,5000
5325,CHB,现代,0
5326,CHB,现代,0
5327,CHB,现代,0
5328,CHB,现代,0
5329,CHB,现代,0
5330,CHB,现代,0
5331,CHB,现代,0
5332,CHB,现代,0
5333,CHB,现代,0
5334,CHB,现代,0
5335,CHB,现代,0
5336,CHB,现代,0
5337,CHB,现代,0
5338,CHB,现代,0
5339,CHB,现代,0
5340,CHB,现代,0
5341,CHB,现代,0
5342,CHB,现代,0
5343,CHB,现代,0
5344,CHB,现代,0
5345,CHB,现代,0
5346,CHB,现代,0
5347,CHB,现代,0
5348,CHB,现代,0
5349,CHB,现代,0
5350,CHB,现代,0
5351,CHB,现代,0
5352,CHB,现代,0
5353,CHB,现代,0
5354,CHB,现代,0
5355,CHB,现代,0
5356,CHB,现代,0
5357,CHB,现代,0
5358,CHB,现代,0
5359,CHB,现代,0
5360,CHB,现代,0
5361,CHB,现代,0
5362,CHB,现代,0
5363,CHB,现代,0
5364,CHB,现代,0
5365,CHB,现代,0
5366,CHB,现代,0
5367,CHB,现代,0
5368,CHB,现代,0
5369,CHB,现代,0
5370,CHB,古代_近期,5000
5371,CHB,现代,0
5372,CHB,现代,0
5373,CHB,现代,0
5374,CHB,现代,0
5375,CHB,现代,0
5376,CHB,现代,0
5377,CHB,现代,0
5378,CHB,现代,0
5379,CHB,现代,0
5380,CHB,现代,0
5381,CHB,现代,0
5382,CHB,现代,0
5383,CHB,现代,0
5384,CHB,古代_近期,5000
5385,CHB,现代,0
5386,CHB,现代,0
5387,CHB,现代,0
5388,CHB,现代,0
5389,CHB,现代,0
5390,CHB,现代,0
5391,CHB,现代,0
5392,CHB,现代,0
5393,CHB,现代,0
5394,CHB,现代,0
5395,CHB,古代_近期,5000
5396,CHB,现代,0
5397,CHB,现代,0
5398,CHB,现代,0
5399,CHB,现代,0
5400,CHB,现代,0
5401,CHB,现代,0
5402,CHB,现代,0
5403,CHB,古代_远期,25000
5404,CHB,现代,0
5405,CHB,现代,0
5406,CHB,古代_近期,5000
5407,CHB,现代,0
5408,CHB,现代,0
5409,CHB,现代,0
5410,CHB,古代_近期,5000
5411,CHB,现代,0
5412,CHB,现代,0
5413,CHB,现代,0
5414,CHB,现代,0
5415,CHB,现代,0
5416,CHB,现代,0
5417,CHB,现代,0
5418,CHB,现代,0
5419,CHB,现代,0
5420,CHB,现代,0
5421,CHB,古代_近期,5000
5422,CHB,现代,0
5423,CHB,现代,0
5424,CHB,现代,0
5425,CHB,现代,0
5426,CHB,现代,0
5427,CHB,现代,0
5428,CHB,现代,0
5429,CHB,现代,0
5430,CHB,现代,0
5431,CHB,现代,0
5432,CHB,现代,0
5433,CHB,现代,0
5434,CHB,现代,0
5435,CHB,现代,0
5436,CHB,现代,0
5437,CHB,现代,0
5438,CHB,古代_近期,5000
5439,CHB,现代,0
5440,CHB,现代,0
5441,CHB,现代,0
5442,CHB,现代,0
5443,CHB,现代,0
5444,CHB,现代,0
5445,CHB,现代,0
5446,CHB,现代,0
5447,CHB,现代,0
5448,CHB,现代,0
5449,CHB,现代,0
5450,CHB,现代,0
5451,CHB,现代,0
5452,CHB,现代,0
5453,CHB,现代,0
5454,CHB,现代,0
5455,CHB,古代_近期,5000
5456,CHB,现代,0
5457,CHB,现代,0
5458,CHB,现代,0
5459,CHB,现代,0
5460,CHB,现代,0
5461,CHB,现代,0
5462,CHB,现代,0
5463,CHB,现代,0
5464,CHB,现代,0
5465,CHB,现代,0
5466,CHB,现代,0
5467,CHB,现代,0
5468,CHB,现代,0
5469,CHB,现代,0
5470,CHB,现代,0
5471,CHB,现代,0
5472,CHB,现代,0
5473,CHB,现代,0
5474,CHB,现代,0
5475,CHB,现代,0
5476,CHB,现代,0
5477,CHB,现代,0
5478,CHB,现代,0
5479,CHB,现代,0
5480,CHB,现代,0
5481,CHB,现代,0
5482,CHB,现代,0
5483,CHB,现代,0
5484,CHB,古代_近期,5000
5485,CHB,古代_远期,25000
5486,CHB,现代,0
5487,CHB,现代,0
5488,CHB,现代,0
5489,CHB,现代,0
5490,CHB,现代,0
5491,CHB,现代,0
5492,CHB,古代_近期,5000
5493,CHB,现代,0
5494,CHB,现代,0
5495,CHB,现代,0
5496,CHB,古代_远期,25000
5497,CHB,现代,0
5498,CHB,现代,0
5499,CHB,古代_近期,5000
5500,CHB,现代,0
5501,CHB,现代,0
5502,CHB,现代,0
5503,CHB,现代,0
5504,CHB,现代,0
5505,CHB,现代,0
5506,CHB,现代,0
5507,CHB,现代,0
5508,CHB,现代,0
5509,CHB,现代,0
5510,CHB,现代,0
5511,CHB,现代,0
5512,CHB,现代,0
5513,CHB,现代,0
5514,CHB,现代,0
5515,CHB,现代,0
5516,CHB,现代,0
5517,CHB,现代,0
5518,CHB,现代,0
5519,CHB,现代,0
5520,CHB,现代,0
5521,CHB,现代,0
5522,CHB,现代,0
5523,CHB,现代,0
5524,CHB,古代_远期,25000
5525,CHB,现代,0
5526,CHB,现代,0
5527,CHB,现代,0
5528,CHB,现代,0
5529,CHB,现代,0
5530,CHB,现代,0
5531,CHB,现代,0
5532,CHB,现代,0
5533,CHB,现代,0
5534,CHB,现代,0
5535,CHB,现代,0
5536,CHB,现代,0
5537,CHB,现代,0
5538,CHB,现代,0
5539,CHB,古代_远期,25000
5540,CHB,现代,0
5541,CHB,现代,0
5542,CHB,现代,0
5543,CHB,现代,0
5544,CHB,现代,0
5545,CHB,现代,0
5546,CHB,现代,0
5547,CHB,古代_近期,5000
5548,CHB,现代,0
5549,CHB,现代,0
5550,CHB,现代,0
5551,CHB,现代,0
5552,CHB,现代,0
5553,CHB,现代,0
5554,CHB,现代,0
5555,CHB,现代,0
5556,CHB,现代,0
5557,CHB,现代,0
5558,CHB,现代,0
5559,CHB,现代,0
5560,CHB,现代,0
5561,CHB,现代,0
5562,CHB,古代_远期,25000
5563,CHB,现代,0
5564,CHB,现代,0
5565,CHB,现代,0
5566,CHB,现代,0
5567,CHB,现代,0
5568,CHB,古代_近期,5000
5569,CHB,现代,0
5570,CHB,现代,0
5571,CHB,现代,0
5572,CHB,现代,0
5573,CHB,现代,0
5574,CHB,现代,0
5575,CHB,现代,0
5576,CHB,现代,0
5577,CHB,现代,0
5578,CHB,现代,0
5579,CHB,现代,0
5580,CHB,现代,0
5581,CHB,现代,0
5582,CHB,现代,0
5583,CHB,现代,0
5584,CHB,现代,0
5585,CHB,现代,0
5586,CHB,现代,0
5587,CHB,现代,0
5588,CHB,现代,0
5589,CHB,现代,0
5590,CHB,现代,0
5591,CHB,古代_近期,5000
5592,CHB,现代,0
5593,CHB,现代,0
5594,CHB,现代,0
5595,CHB,现代,0
5596,CHB,现代,0
5597,CHB,现代,0
5598,CHB,现代,0
5599,CHB,现代,0
5600,CHB,现代,0
5601,CHB,现代,0
5602,CHB,现代,0
5603,CHB,现代,0
5604,CHB,现代,0
5605,CHB,现代,0
5606,CHB,现代,0
5607,CHB,现代,0
5608,CHB,现代,0
5609,CHB,现代,0
5610,CHB,现代,0
5611,CHB,现代,0
5612,CHB,现代,0
5613,CHB,现代,0
5614,CHB,现代,0
5615,CHB,现代,0
5616,CHB,现代,0
5617,CHB,现代,0
5618,CHB,现代,0
5619,CHB,现代,0
5620,CHB,现代,0
5621,CHB,现代,0
5622,CHB,现代,0
5623,CHB,现代,0
5624,CHB,现代,0
5625,CHB,现代,0
5626,CHB,现代,0
5627,CHB,现代,0
5628,CHB,现代,0
5629,CHB,现代,0
5630,CHB,现代,0
5631,CHB,现代,0
5632,CHB,现代,0
5633,CHB,现代,0
5634,CHB,现代,0
5635,CHB,现代,0
5636,CHB,现代,0
5637,CHB,现代,0
5638,CHB,现代,0
5639,CHB,现代,0
5640,CHB,现代,0
5641,CHB,现代,0
5642,CHB,现代,0
5643,CHB,现代,0
5644,CHB,古代_近期,5000
5645,CHB,现代,0
5646,CHB,现代,0
5647,CHB,现代,0
5648,CHB,现代,0
5649,CHB,现代,0
5650,CHB,现代,0
5651,CHB,现代,0
5652,CHB,现代,0
5653,CHB,现代,0
5654,CHB,现代,0
5655,CHB,现代,0
5656,CHB,现代,0
5657,CHB,现代,0
5658,CHB,现代,0
5659,CHB,现代,0
5660,CHB,现代,0
5661,CHB,现代,0
5662,CHB,现代,0
5663,CHB,现代,0
5664,CHB,古代_远期,25000
5665,CHB,现代,0
5666,CHB,现代,0
5667,CHB,现代,0
5668,CHB,现代,0
5669,CHB,现代,0
5670,CHB,现代,0
5671,CHB,现代,0
5672,CHB,现代,0
5673,CHB,现代,0
5674,CHB,现代,0
5675,CHB,古代_近期,5000
5676,CHB,现代,0
5677,CHB,现代,0
5678,CHB,现代,0
5679,CHB,现代,0
5680,CHB,古代_近期,5000
5681,CHB,现代,0
5682,CHB,现代,0
5683,CHB,现代,0
5684,CHB,现代,0
5685,CHB,现代,0
5686,CHB,现代,0
5687,CHB,现代,0
5688,CHB,现代,0
5689,CHB,现代,0
5690,CHB,现代,0
5691,CHB,现代,0
5692,CHB,现代,0
5693,CHB,古代_远期,25000
5694,CHB,现代,0
5695,CHB,现代,0
5696,CHB,现代,0
5697,CHB,现代,0
5698,CHB,现代,0
5699,CHB,现代,0
5700,CHB,现代,0
5701,CHB,现代,0
5702,CHB,现代,0
5703,CHB,现代,0
5704,CHB,现代,0
5705,CHB,现代,0
5706,CHB,现代,0
5707,CHB,现代,0
5708,CHB,现代,0
5709,CHB,现代,0
5710,CHB,现代,0
5711,CHB,现代,0
5712,CHB,现代,0
5713,CHB,现代,0
5714,CHB,现代,0
5715,CHB,现代,0
5716,CHB,现代,0
5717,CHB,现代,0
5718,CHB,现代,0
5719,CHB,现代,0
5720,CHB,现代,0
5721,CHB,现代,0
5722,CHB,现代,0
5723,CHB,现代,0
5724,CHB,现代,0
5725,CHB,现代,0
5726,CHB,现代,0
5727,CHB,现代,0
5728,CHB,现代,0
5729,CHB,现代,0
5730,CHB,现代,0
5731,CHB,现代,0
5732,CHB,现代,0
5733,CHB,现代,0
5734,CHB,现代,0
5735,CHB,现代,0
5736,CHB,现代,0
5737,CHB,现代,0
5738,CHB,现代,0
5739,CHB,现代,0
5740,CHB,现代,0
5741,CHB,现代,0
5742,CHB,现代,0
5743,CHB,现代,0
5744,CHB,现代,0
5745,CHB,现代,0
5746,CHB,现代,0
5747,CHB,现代,0
5748,CHB,现代,0
5749,CHB,现代,0
5750,CHB,现代,0
5751,CHB,现代,0
5752,CHB,现代,0
5753,CHB,现代,0
5754,CHB,现代,0
5755,CHB,古代_近期,5000
5756,CHB,现代,0
5757,CHB,现代,0
5758,CHB,现代,0
5759,CHB,现代,0
5760,CHB,现代,0
5761,CHB,现代,0
5762,CHB,现代,0
5763,CHB,现代,0
5764,CHB,现代,0
5765,CHB,现代,0
5766,CHB,古代_近期,5000
5767,CHB,现代,0
5768,CHB,现代,0
5769,CHB,现代,0
5770,CHB,现代,0
5771,CHB,古代_近期,5000
5772,CHB,现代,0
5773,CHB,现代,0
5774,CHB,古代_近期,5000
5775,CHB,现代,0
5776,CHB,现代,0
5777,CHB,现代,0
5778,CHB,现代,0
5779,CHB,现代,0
5780,CHB,现代,0
5781,CHB,现代,0
5782,CHB,现代,0
5783,CHB,现代,0
5784,CHB,现代,0
5785,CHB,现代,0
5786,CHB,现代,0
5787,CHB,现代,0
5788,CHB,现代,0
5789,CHB,现代,0
5790,CHB,现代,0
5791,CHB,现代,0
5792,CHB,现代,0
5793,CHB,现代,0
5794,CHB,现代,0
5795,CHB,现代,0
5796,CHB,现代,0
5797,CHB,现代,0
5798,CHB,现代,0
5799,CHB,现代,0
5800,CHB,现代,0
5801,CHB,现代,0
5802,CHB,现代,0
5803,CHB,古代_远期,25000
5804,CHB,现代,0
5805,CHB,现代,0
5806,CHB,现代,0
5807,CHB,现代,0
5808,CHB,现代,0
5809,CHB,现代,0
5810,CHB,现代,0
5811,CHB,现代,0
5812,CHB,现代,0
5813,CHB,现代,0
5814,CHB,现代,0
5815,CHB,古代_近期,5000
5816,CHB,现代,0
5817,CHB,现代,0
5818,CHB,现代,0
5819,CHB,现代,0
5820,CHB,现代,0
5821,CHB,现代,0
5822,CHB,现代,0
5823,CHB,现代,0
5824,CHB,现代,0
5825,CHB,现代,0
5826,CHB,现代,0
5827,CHB,现代,0
5828,CHB,现代,0
5829,CHB,现代,0
5830,CHB,现代,0
5831,CHB,现代,0
5832,CHB,现代,0
5833,CHB,现代,0
5834,CHB,现代,0
5835,CHB,古代_近期,5000
5836,CHB,现代,0
5837,CHB,现代,0
5838,CHB,古代_远期,25000
5839,CHB,现代,0
5840,CHB,现代,0
5841,CHB,现代,0
5842,CHB,现代,0
5843,CHB,现代,0
5844,CHB,现代,0
5845,CHB,现代,0
5846,CHB,现代,0
5847,CHB,现代,0
5848,CHB,现代,0
5849,CHB,现代,0
5850,CHB,现代,0
5851,CHB,现代,0
5852,CHB,现代,0
5853,CHB,现代,0
5854,CHB,现代,0
5855,CHB,现代,0
5856,CHB,现代,0
5857,CHB,现代,0
5858,CHB,现代,0
5859,CHB,现代,0
5860,CHB,现代,0
5861,CHB,现代,0
5862,CHB,现代,0
5863,CHB,现代,0
5864,CHB,现代,0
5865,CHB,现代,0
5866,CHB,现代,0
5867,CHB,现代,0
5868,CHB,古代_远期,25000
5869,CHB,现代,0
5870,CHB,现代,0
5871,CHB,现代,0
5872,CHB,现代,0
5873,CHB,现代,0
5874,CHB,现代,0
5875,CHB,现代,0
5876,CHB,现代,0
5877,CHB,现代,0
5878,CHB,现代,0
5879,CHB,现代,0
5880,CHB,现代,0
5881,CHB,现代,0
5882,CHB,现代,0
5883,CHB,现代,0
5884,CHB,古代_远期,25000
5885,CHB,现代,0
5886,CHB,现代,0
5887,CHB,现代,0
5888,CHB,现代,0
5889,CHB,古代_近期,5000
5890,CHB,现代,0
5891,CHB,现代,0
5892,CHB,现代,0
5893,CHB,古代_近期,5000
5894,CHB,现代,0
5895,CHB,现代,0
5896,CHB,现代,0
5897,CHB,现代,0
5898,CHB,现代,0
5899,CHB,现代,0
5900,CHB,现代,0
5901,CHB,古代_近期,5000
5902,CHB,现代,0
5903,CHB,现代,0
5904,CHB,现代,0
5905,CHB,现代,0
5906,CHB,现代,0
5907,CHB,现代,0
5908,CHB,现代,0
5909,CHB,现代,0
5910,CHB,现代,0
5911,CHB,现代,0
5912,CHB,现代,0
5913,CHB,现代,0
5914,CHB,现代,0
5915,CHB,现代,0
5916,CHB,现代,0
5917,CHB,现代,0
5918,CHB,现代,0
5919,CHB,现代,0
5920,CHB,现代,0
5921,CHB,现代,0
5922,CHB,现代,0
5923,CHB,现代,0
5924,CHB,现代,0
5925,CHB,现代,0
5926,CHB,古代_近期,5000
5927,CHB,现代,0
5928,CHB,现代,0
5929,CHB,现代,0
5930,CHB,现代,0
5931,CHB,现代,0
5932,CHB,现代,0
5933,CHB,现代,0
5934,CHB,现代,0
5935,CHB,现代,0
5936,CHB,现代,0
5937,CHB,现代,0
5938,CHB,现代,0
5939,CHB,现代,0
5940,CHB,现代,0
5941,CHB,现代,0
5942,CHB,现代,0
5943,CHB,古代_近期,5000
5944,CHB,现代,0
5945,CHB,现代,0
5946,CHB,现代,0
5947,CHB,现代,0
5948,CHB,现代,0
5949,CHB,现代,0
5950,CHB,现代,0
5951,CHB,现代,0
5952,CHB,现代,0
5953,CHB,现代,0
5954,CHB,现代,0
5955,CHB,现代,0
5956,CHB,现代,0
5957,CHB,现代,0
5958,CHB,现代,0
5959,CHB,现代,0
5960,CHB,古代_近期,5000
5961,CHB,现代,0
5962,CHB,现代,0
5963,CHB,现代,0
5964,CHB,现代,0
5965,CHB,现代,0
5966,CHB,古代_近期,5000
5967,CHB,现代,0
5968,CHB,现代,0
5969,CHB,现代,0
5970,CHB,现代,0
5971,CHB,现代,0
5972,CHB,现代,0
5973,CHB,现代,0
5974,CHB,现代,0
5975,CHB,现代,0
5976,CHB,现代,0
5977,CHB,现代,0
5978,CHB,现代,0
5979,CHB,现代,0
5980,CHB,现代,0
5981,CHB,现代,0
5982,CHB,现代,0
5983,CHB,现代,0
5984,CHB,现代,0
5985,CHB,现代,0
5986,CHB,现代,0
5987,CHB,现代,0
5988,CHB,现代,0
5989,CHB,现代,0
5990,CHB,现代,0
5991,CHB,现代,0
5992,CHB,现代,0
5993,CHB,现代,0
5994,CHB,现代,0
5995,CHB,现代,0
5996,CHB,现代,0
5997,CHB,现代,0
5998,CHB,现代,0
5999,CHB,现代,0
